ID,Gender,Q1,Q2,Q3,Q4,Q5,Q6,Q7,Q8,Q9,Q10,Q11,Q12,Q13,Q14,Q15,Q16,Q17,Q18,Q19,Q20,Q21,Q22,Q23,Q24,Q25,Q26,Q27,Q28,Q29,Q30
1,1,1,2,3,2,2,2,2,1,3,1,3,2,3,3,3,3,3,2,1,4,3,1,2,3,3,3,2,2,2,2
2,2,1,2,2,2,2,1,3,1,3,1,1,2,2,3,3,2,3,2,1,3,3,1,3,2,1,3,3,2,4,3
3,1,1,3,3,4,1,1,2,2,1,4,1,3,3,2,4,2,1,3,2,4,3,1,3,3,2,1,3,1,4,3
4,1,1,3,3,4,1,1,2,1,2,3,2,1,3,4,3,1,1,2,1,3,1,2,3,2,1,3,3,2,3,2
5,1,1,1,3,3,1,1,1,1,2,3,1,1,3,1,4,2,1,2,1,3,1,1,1,1,1,2,3,2,4,2
6,1,1,2,3,2,1,2,1,1,1,3,2,1,1,1,4,2,2,1,2,4,1,1,2,1,1,3,2,3,4,1
7,1,1,2,4,3,2,1,1,1,3,2,2,3,2,1,4,1,1,1,1,3,1,1,2,1,1,3,2,3,2,1
8,2,1,1,3,3,1,1,2,1,1,4,1,2,2,1,4,1,1,2,1,3,1,1,2,2,1,1,2,1,4,2
9,2,1,3,3,1,1,1,3,1,2,3,2,2,4,1,3,4,1,1,1,4,1,2,3,4,1,1,4,1,4,1
11,1,1,3,3,4,2,1,3,1,3,2,1,3,4,3,3,2,4,2,3,3,3,2,2,3,3,2,2,1,2,2
12,1,1,2,4,4,1,1,1,1,3,1,1,3,2,2,4,4,2,2,1,2,1,1,3,1,1,2,1,2,4,1
13,2,1,3,2,3,1,1,1,1,1,4,1,2,3,1,4,2,1,1,1,4,1,1,1,3,1,1,3,2,3,1
15,1,1,2,3,4,2,1,2,2,2,2,1,3,3,3,3,3,2,3,2,3,1,1,1,3,1,3,2,3,3,2
16,1,1,3,3,2,3,1,2,1,3,2,1,3,3,2,3,1,3,3,1,2,1,1,2,3,1,3,3,2,3,1
17,1,1,3,4,4,1,2,3,1,3,3,3,3,3,3,3,2,3,1,1,3,3,3,3,1,2,2,3,2,3,1
18,1,1,1,3,4,1,1,1,1,1,3,1,3,2,2,3,4,1,3,1,3,1,1,1,2,2,2,3,1,3,1
19,1,1,1,3,4,1,1,1,1,1,2,1,1,3,1,4,2,1,4,1,3,3,1,3,1,1,3,1,1,4,3
20,1,1,3,4,4,1,1,1,1,1,4,2,1,3,3,4,3,1,3,2,4,2,1,1,2,2,2,3,1,4,1
22,1,1,1,3,2,1,1,1,1,2,4,1,1,3,2,4,3,1,1,1,4,1,2,2,3,1,1,3,2,3,1
24,1,1,4,3,4,1,1,1,1,1,3,2,2,3,4,4,3,1,2,3,4,3,2,2,2,3,1,2,1,4,1
25,1,1,3,2,4,1,1,1,1,1,3,2,2,3,1,4,1,1,2,1,4,1,1,2,3,1,3,2,1,4,1
26,1,1,2,3,4,1,1,2,1,1,4,2,1,3,1,4,2,1,3,1,3,1,1,2,3,1,1,2,3,2,2
27,1,1,3,3,2,2,1,2,1,2,2,3,2,3,2,3,3,3,3,3,2,2,2,2,2,2,3,2,3,2,2
28,1,1,1,2,3,1,1,2,1,2,2,1,1,3,1,3,3,1,1,1,3,1,1,1,2,1,3,1,2,3,1
29,1,1,1,4,2,3,1,1,2,1,4,2,1,3,2,1,3,1,1,3,2,4,2,2,1,3,3,1,3,4,1
30,1,1,3,3,3,1,1,1,1,1,4,1,1,3,1,4,3,1,1,1,4,3,1,2,1,1,1,3,1,4,2
32,1,1,2,4,3,1,1,1,1,1,3,1,1,1,1,4,1,1,4,1,3,1,1,1,1,1,2,3,4,4,1
33,1,1,2,2,3,1,1,1,1,1,3,1,2,2,1,4,3,2,1,2,3,2,1,1,2,3,3,2,2,3,1
35,1,1,2,4,3,2,1,2,1,2,3,2,3,2,1,4,2,2,3,1,4,1,1,3,3,1,2,4,1,4,2
36,1,1,1,3,2,2,1,1,1,1,2,1,1,2,1,2,2,1,3,2,4,1,1,1,1,1,1,2,2,3,1
38,1,1,3,3,3,1,1,2,1,1,4,1,3,4,3,3,2,1,1,1,3,1,1,2,3,1,4,4,1,4,1
39,1,1,2,3,4,1,1,2,1,2,3,2,2,3,3,4,2,2,1,1,4,2,1,2,3,1,1,3,1,4,1
40,1,1,1,3,3,1,1,1,1,2,4,1,2,3,3,3,2,1,3,1,3,1,1,1,2,1,2,3,2,4,1
41,1,1,2,2,3,1,1,2,1,3,3,1,2,3,3,3,2,3,3,1,4,1,1,1,2,1,2,2,2,3,2
45,1,1,3,3,3,3,1,3,1,4,2,1,1,3,2,3,1,3,1,1,2,1,2,1,3,1,4,3,4,1,1
46,1,1,2,2,3,1,1,2,1,3,4,2,2,3,2,3,3,2,2,1,4,1,2,2,3,1,2,2,2,3,2
48,1,1,2,3,3,1,1,1,1,1,4,1,2,1,1,4,3,1,1,3,4,2,1,1,1,1,2,2,1,4,1
49,1,1,1,3,4,1,1,1,1,1,3,1,1,4,1,3,2,2,3,1,3,2,1,2,2,2,2,3,1,4,1
52,1,1,2,2,4,1,1,1,1,1,4,1,3,2,1,4,1,1,1,1,3,1,1,1,1,1,2,1,1,4,1
53,1,1,1,3,2,1,1,2,1,1,2,2,1,1,2,3,2,2,1,2,3,3,1,1,1,2,2,3,2,3,2
54,1,1,2,3,2,1,1,1,1,1,3,1,1,3,1,4,2,1,1,3,4,1,1,1,1,1,1,2,1,4,1
55,1,1,3,2,3,1,1,2,1,2,2,3,3,3,4,3,4,2,1,2,2,2,1,3,1,1,3,2,3,3,3
58,1,1,3,3,3,2,1,4,1,3,2,1,3,4,3,2,1,2,2,1,3,1,2,2,4,1,2,2,2,2,1
59,1,1,2,3,4,1,1,1,3,1,3,1,1,3,1,4,1,1,1,1,4,1,1,1,3,1,1,3,1,4,1
61,1,1,1,3,3,2,1,2,2,2,3,1,3,3,3,2,2,2,2,3,4,2,1,1,3,2,3,4,3,3,3
63,1,1,2,4,3,2,1,2,2,2,2,1,2,2,3,3,3,2,2,3,3,2,2,1,1,1,3,3,3,3,3
64,1,1,4,3,4,2,3,3,1,3,4,4,4,3,4,4,3,4,1,3,4,4,4,4,1,3,2,3,2,4,1
67,1,1,3,2,4,1,2,2,1,1,4,2,2,3,2,4,3,2,1,1,3,2,1,1,2,2,2,3,2,3,4
70,1,1,3,3,3,2,1,3,1,3,2,2,3,3,3,4,2,3,2,1,3,1,1,2,2,1,3,3,3,3,1
71,1,1,3,4,2,2,1,4,1,3,2,1,3,2,1,3,2,1,1,1,3,1,2,3,3,2,2,4,3,4,3
72,1,1,2,4,3,2,1,3,2,2,2,1,3,3,3,3,4,3,2,2,4,1,2,2,1,1,2,3,3,4,3
73,1,1,2,3,4,2,1,1,2,3,2,1,2,3,2,3,1,3,2,2,3,2,1,1,1,1,3,1,3,1,2
75,1,1,2,3,3,1,1,2,1,2,3,2,1,1,1,4,1,1,1,1,2,1,1,1,1,1,3,2,2,3,1
78,1,1,4,4,3,1,1,2,1,2,2,2,3,3,2,4,2,2,2,1,3,1,2,3,1,1,2,3,2,3,1
79,1,1,2,3,4,2,1,2,1,1,3,1,1,3,4,3,1,1,4,1,3,1,1,1,1,1,3,2,2,4,1
80,1,1,3,4,4,1,1,2,1,3,4,1,3,3,2,1,4,2,2,1,3,1,4,3,2,2,2,3,4,4,4
83,1,1,1,3,2,1,1,1,3,1,2,2,1,3,2,3,3,3,1,1,3,1,1,2,1,1,2,3,2,3,1
85,1,1,1,4,2,3,1,1,3,1,2,1,1,2,1,3,2,2,1,1,4,1,1,1,1,1,3,2,2,2,4
87,1,1,3,3,3,3,1,2,1,2,2,2,3,3,3,4,4,4,1,1,3,1,2,1,3,1,2,2,3,3,1
88,1,1,2,3,2,2,1,2,2,2,2,2,3,3,2,3,3,3,3,1,3,1,1,2,3,2,2,3,2,2,2
89,1,1,2,3,3,1,1,1,1,1,4,2,2,3,3,4,1,2,1,1,3,3,1,2,3,2,2,2,1,3,1
93,1,1,1,3,4,2,2,2,1,1,3,1,2,1,1,4,4,2,1,2,3,1,1,1,1,1,3,1,1,2,2
95,1,1,3,3,1,1,1,1,1,1,3,3,2,1,2,4,2,1,1,1,4,1,1,1,1,3,2,3,1,4,1
97,1,1,2,3,4,1,1,2,2,2,2,4,4,2,2,3,3,3,3,2,4,3,3,3,2,4,1,1,1,4,3
98,1,1,3,3,4,1,2,3,1,3,2,3,3,3,2,4,2,2,3,1,3,2,1,2,2,1,3,4,3,3,1
99,1,1,1,2,4,2,1,3,1,1,2,2,2,3,3,3,3,3,1,1,2,2,1,1,3,2,3,3,1,4,1
100,1,1,1,4,3,1,1,1,2,1,4,2,2,3,1,3,2,3,2,1,4,1,1,1,2,1,2,2,1,4,1
104,1,1,2,3,3,1,1,1,1,2,2,2,3,2,1,4,1,2,1,1,3,1,2,1,2,1,1,3,2,4,1
106,1,1,2,2,2,1,2,2,1,2,2,2,2,3,1,3,1,2,2,1,3,2,1,2,3,1,2,2,2,3,2
107,1,1,2,2,4,3,1,2,1,3,3,1,3,3,3,4,4,1,3,1,3,1,3,1,3,2,2,3,1,3,2
112,1,1,1,4,3,1,2,2,1,1,3,3,4,3,3,2,3,1,3,2,4,2,1,1,2,1,2,3,2,4,2
113,1,1,2,3,3,1,2,2,1,3,2,2,3,3,4,2,3,3,4,4,2,2,2,2,3,4,3,3,4,3,2
114,1,1,2,2,2,1,1,1,1,1,2,1,2,2,1,4,2,1,2,1,2,1,2,2,3,1,1,1,1,3,1
116,1,1,2,3,3,1,1,1,1,1,3,3,2,2,3,3,3,1,3,3,4,3,3,2,2,2,2,3,2,3,2
118,1,1,2,3,3,1,1,2,2,2,3,2,2,3,1,4,3,3,4,2,3,3,1,2,2,3,2,3,3,4,2
121,1,1,2,3,3,2,1,2,2,1,2,2,3,3,4,4,2,3,3,3,2,3,1,1,2,3,3,3,2,4,4
122,1,1,2,2,4,2,2,2,1,2,2,2,3,3,2,3,2,2,2,1,4,3,1,1,3,2,2,2,2,3,1
124,1,1,3,3,3,3,1,3,4,3,1,3,2,3,2,2,4,3,1,2,2,4,2,3,3,4,2,4,2,3,2
127,1,1,2,3,4,1,1,2,3,1,4,2,1,4,3,4,4,1,2,3,4,3,2,1,1,2,1,3,1,4,1
129,1,1,2,4,4,1,1,3,2,3,3,3,2,3,3,2,1,3,2,1,3,1,2,2,3,1,4,2,3,4,1
131,1,1,1,2,4,1,1,1,1,1,4,4,2,4,2,4,4,2,4,3,1,2,3,2,3,1,3,4,2,1,1
132,1,1,2,2,3,1,1,1,1,1,4,1,2,3,3,4,2,1,3,1,4,1,1,2,3,1,2,2,3,3,4
133,1,1,2,3,4,1,1,3,3,2,3,4,3,2,2,4,3,2,4,1,2,2,2,4,2,1,3,4,4,2,2
135,1,1,3,3,2,2,1,3,2,3,2,2,2,3,3,4,2,2,3,3,2,3,2,3,3,3,2,4,2,3,3
137,1,1,1,2,3,1,1,1,1,1,2,2,1,1,1,4,2,1,4,2,3,1,1,1,2,1,3,1,1,1,3
138,1,1,1,3,3,1,1,2,1,1,4,2,2,3,1,3,3,1,1,1,4,1,3,2,2,1,1,3,2,2,2
139,1,1,1,3,4,1,1,2,1,1,3,1,3,2,1,4,1,2,1,1,4,1,1,2,1,1,2,3,2,4,3
141,1,1,1,4,4,2,1,1,1,2,2,1,2,1,2,2,1,3,3,3,4,2,1,1,2,2,3,2,2,3,2
142,1,1,1,3,3,2,2,3,1,2,3,2,3,2,4,1,1,1,3,4,3,2,2,1,1,2,3,1,2,2,2
143,1,1,3,4,4,1,1,1,1,1,4,1,2,2,1,4,1,1,2,1,3,1,1,1,2,1,1,2,1,4,1
144,1,1,1,1,2,1,2,2,4,4,3,4,4,4,4,4,4,4,2,1,4,2,4,1,4,1,2,3,3,4,1
150,1,1,1,3,3,1,2,1,1,2,3,2,3,3,3,4,2,1,4,3,4,2,1,1,3,1,2,3,1,4,1
152,1,1,1,4,1,1,1,1,1,2,3,2,2,1,1,4,1,1,4,1,4,1,2,1,4,4,2,1,2,4,1
153,1,1,1,4,4,2,1,1,2,1,3,2,2,2,3,4,2,3,4,2,2,3,2,2,2,2,2,3,1,3,1
154,1,1,1,4,1,1,2,1,2,1,4,1,1,1,4,4,1,1,3,3,3,4,1,2,1,3,3,1,1,3,1
155,1,1,2,3,3,1,1,2,1,2,3,1,2,2,1,4,2,1,3,1,2,1,1,1,1,1,2,2,2,3,2
156,1,1,1,3,3,1,1,1,2,2,1,3,1,2,3,4,4,2,4,2,3,3,1,1,2,3,3,3,3,1,1
157,1,1,2,3,3,1,1,1,2,1,3,1,2,3,2,4,3,2,2,2,4,1,1,2,2,1,2,2,2,4,1
158,1,1,1,2,4,1,1,1,1,1,3,2,2,2,3,4,3,1,1,2,3,1,1,2,1,1,2,3,2,3,1
160,1,1,2,3,4,1,2,1,1,1,3,1,2,2,3,4,2,1,2,1,4,2,1,1,2,1,2,1,1,4,1
161,1,1,3,2,2,2,1,3,1,3,1,3,4,3,1,4,3,3,3,1,3,1,1,3,3,1,3,3,2,2,1
163,1,1,2,2,4,2,1,1,1,2,2,2,1,2,1,4,4,3,1,1,3,1,2,1,2,1,3,2,2,2,1
164,1,1,1,2,4,2,1,1,1,3,2,2,2,2,1,4,3,3,2,1,3,1,2,1,1,1,3,2,2,2,2
167,1,1,1,3,3,2,1,3,1,2,2,1,2,3,3,4,1,3,1,3,2,3,1,1,2,3,3,4,4,3,1
169,1,1,1,3,3,1,1,1,1,1,3,1,1,3,1,3,1,1,1,2,4,1,1,1,2,1,1,2,1,4,1
170,1,1,1,3,3,1,1,1,1,1,4,1,2,2,1,3,3,3,1,1,4,1,1,1,3,1,1,2,1,4,1
171,1,1,3,1,3,1,1,1,1,1,2,1,2,2,3,4,1,1,1,1,4,2,1,1,2,1,1,2,1,4,1
173,1,1,1,3,2,1,1,1,1,1,2,1,1,1,1,4,3,2,1,1,3,1,1,1,1,1,1,1,1,3,1
175,1,1,3,2,4,3,2,3,1,2,2,3,3,4,4,4,4,4,2,4,1,4,4,4,3,3,3,3,4,4,4
176,1,1,2,3,4,1,1,4,2,3,1,3,2,1,3,3,4,4,1,2,2,2,1,1,1,1,1,4,4,1,1
177,1,1,3,3,2,1,1,2,1,1,3,2,2,2,3,4,3,1,1,3,3,2,1,1,2,2,2,2,2,4,2
179,1,1,1,4,3,1,1,1,1,1,3,1,2,2,2,4,2,1,2,1,3,2,1,1,2,2,1,1,1,3,1
180,1,1,2,3,3,1,1,1,1,1,3,1,1,3,1,4,4,1,2,1,4,3,1,2,1,3,1,2,1,4,1
183,1,1,4,3,4,1,1,3,2,4,1,3,4,2,3,3,2,3,2,1,1,1,2,3,2,1,3,4,4,2,1
184,1,1,1,1,4,1,1,1,2,1,2,1,4,1,1,4,1,3,1,3,3,1,1,1,1,1,4,1,1,4,1
186,1,1,1,4,2,2,1,2,1,2,3,1,2,2,3,3,3,2,2,1,2,1,3,2,1,1,2,3,2,4,1
187,1,1,1,4,2,1,1,2,1,2,2,1,1,1,2,2,1,2,3,1,2,1,1,2,1,1,2,1,1,1,1
188,1,1,2,3,4,1,1,2,2,1,3,1,2,2,3,4,3,1,4,3,3,2,2,2,1,1,1,3,2,4,4
189,1,1,2,4,2,1,1,1,1,1,3,1,2,1,3,4,1,1,2,2,4,1,1,2,3,1,2,4,4,4,1
190,1,1,2,2,3,1,1,2,1,2,3,1,2,2,2,3,2,1,2,2,3,3,1,1,2,2,3,2,2,2,2
191,1,1,1,4,4,1,1,1,1,1,2,1,3,1,1,4,1,1,1,3,2,1,1,1,1,1,2,1,1,4,1
192,1,1,1,3,3,2,1,1,1,2,3,2,3,2,2,4,4,2,3,2,1,1,1,1,3,1,1,2,1,2,1
201,1,1,3,3,4,1,1,2,1,2,4,3,3,4,3,4,4,1,4,1,4,1,1,3,2,1,2,3,1,4,3
202,1,1,3,3,3,2,2,3,1,2,3,2,2,2,2,3,3,2,3,1,3,3,2,2,2,3,2,2,2,4,2
203,1,1,1,4,3,1,2,3,1,2,4,4,2,4,3,4,1,2,3,1,3,3,3,1,4,3,4,4,1,2,3
205,1,1,2,3,4,2,1,2,1,1,3,3,1,2,2,3,3,2,2,2,3,3,3,2,2,2,2,3,3,3,1
207,1,1,3,3,3,2,1,2,3,3,1,3,2,4,2,2,3,4,2,1,4,2,1,1,4,1,3,3,1,2,2
209,1,1,2,3,4,1,1,1,1,1,3,1,1,2,3,4,3,1,4,1,4,3,1,1,2,2,2,3,1,4,1
210,1,1,1,4,4,2,1,2,1,1,3,3,3,3,2,4,3,3,1,1,2,3,2,1,3,3,4,4,3,1,1
212,1,1,3,4,4,1,1,1,1,1,3,2,2,2,3,4,4,1,3,2,4,1,1,2,2,1,2,1,1,3,2
213,1,1,2,4,4,1,1,1,1,2,4,2,1,3,3,4,1,1,1,2,4,3,1,1,2,2,2,1,1,4,1
214,1,1,2,3,4,1,1,1,1,1,3,2,2,3,2,4,3,1,1,3,4,1,1,2,2,1,1,3,1,3,1
215,1,1,2,2,2,1,1,1,2,2,3,2,3,3,2,3,3,2,1,2,4,4,1,2,2,2,1,3,2,3,2
216,1,1,2,3,2,1,1,1,1,2,3,2,2,1,3,2,1,3,1,1,2,1,1,1,2,1,1,1,2,3,1
217,1,1,2,4,4,1,3,2,1,3,2,2,3,1,2,3,2,3,1,1,2,2,1,2,1,2,2,2,1,1,1
218,1,1,1,4,4,2,1,1,1,2,3,1,2,1,1,3,4,2,1,1,1,2,1,1,1,2,3,3,2,3,1
221,1,1,3,4,3,1,1,1,1,1,4,1,1,1,1,3,3,1,1,1,4,3,1,1,1,2,1,2,1,2,1
222,1,1,1,4,4,1,1,1,2,1,2,1,2,3,2,4,2,2,1,1,3,1,1,1,2,1,2,2,1,3,1
223,1,1,1,3,4,1,1,2,1,1,2,3,1,3,1,4,3,1,1,4,4,2,1,1,2,1,4,2,1,3,3
224,1,1,1,3,3,1,1,1,1,1,4,2,3,2,2,3,1,1,3,1,3,3,2,2,2,2,2,3,2,3,2
227,1,1,2,2,3,1,1,1,1,3,3,1,1,2,3,4,1,2,2,3,3,2,1,1,3,1,1,2,2,3,1
228,1,1,3,2,3,1,1,2,1,2,3,2,2,2,2,4,3,2,3,1,3,2,2,2,2,1,2,3,2,3,2
229,1,1,2,4,4,2,1,1,2,1,2,2,2,2,4,4,2,3,1,1,2,1,1,2,3,3,3,3,1,4,1
230,1,1,3,3,4,1,1,2,1,2,3,2,3,3,3,3,3,1,2,1,3,1,1,2,2,1,2,4,2,4,1
231,1,1,2,3,3,1,1,1,1,1,3,1,2,3,2,4,3,1,3,2,4,2,1,1,3,2,2,2,1,4,1
232,1,1,3,3,4,1,1,2,3,2,3,3,4,2,1,4,2,1,1,1,3,4,2,2,3,3,3,3,3,3,2
233,1,1,2,4,3,1,2,2,1,2,3,2,2,3,3,3,3,2,2,3,3,3,1,2,3,3,2,3,1,3,2
234,1,1,4,4,3,2,1,3,1,3,1,3,3,4,4,3,3,4,2,1,1,1,4,4,4,1,4,1,4,1,1
235,1,1,3,3,2,1,2,2,1,2,2,2,3,2,2,4,3,2,2,2,3,2,1,2,1,1,3,2,3,4,1
236,1,1,3,2,3,2,1,2,1,2,3,2,2,3,2,3,3,2,1,1,3,1,2,2,1,1,3,2,3,4,1
237,1,1,2,2,4,1,1,1,1,1,4,2,2,3,1,4,1,1,3,3,4,2,1,1,1,2,1,2,1,4,3
239,1,1,3,3,3,2,2,2,1,3,2,1,3,3,2,4,2,4,1,1,2,2,1,2,1,1,3,3,2,3,3
241,1,1,1,3,2,2,1,2,3,2,3,3,3,2,1,3,3,2,3,2,3,1,2,1,2,1,3,3,2,2,3
243,1,1,2,3,3,1,1,2,1,2,3,3,3,3,1,4,4,2,1,4,4,2,1,1,2,1,3,4,3,2,2
244,1,1,2,4,3,2,1,2,2,1,3,1,3,2,3,4,1,1,2,1,3,2,1,2,4,1,2,1,2,4,1
246,1,1,1,4,3,2,1,1,1,1,3,1,2,4,1,4,3,2,2,1,1,1,1,1,3,1,3,2,1,4,1
249,1,1,1,3,2,1,1,2,2,2,3,3,1,2,3,2,2,2,2,1,3,1,2,2,1,1,2,2,2,3,1
250,1,1,4,2,4,1,1,1,1,3,4,2,2,3,1,4,3,1,2,1,2,1,3,3,1,1,2,4,1,3,2
254,1,1,2,3,3,1,2,3,1,2,2,1,2,1,1,4,2,2,3,2,3,1,1,1,1,1,3,1,3,4,2
255,1,1,3,3,3,1,1,3,1,3,1,3,3,2,4,4,3,2,4,1,3,1,1,2,2,1,2,3,3,2,1
258,1,1,1,3,2,1,1,1,1,1,2,1,1,1,1,3,1,1,1,2,3,1,1,1,2,1,2,1,2,4,1
259,1,1,2,3,4,1,1,2,1,1,3,1,2,1,1,4,2,3,1,1,4,1,1,1,2,1,1,4,1,4,1
260,1,1,2,3,4,2,1,1,1,1,4,1,3,1,1,4,2,1,1,1,3,1,1,2,1,1,3,2,4,4,1
261,1,1,1,3,4,1,1,1,4,1,2,1,2,1,4,4,3,1,4,1,3,3,1,1,1,1,1,1,1,2,1
263,1,1,2,2,4,2,2,2,2,2,3,2,4,4,3,4,2,2,2,4,4,4,1,2,4,4,2,3,1,2,1
265,1,1,3,3,4,2,2,3,1,3,1,4,2,2,3,4,3,4,2,2,2,2,1,2,2,2,4,2,4,1,2
267,1,1,1,3,4,2,1,1,1,1,3,2,2,1,3,3,3,2,3,1,3,1,2,1,2,1,2,3,2,3,3
268,1,1,4,2,3,1,1,4,1,3,3,2,4,3,3,3,3,2,4,1,2,1,2,4,2,1,3,4,3,4,3
269,1,1,1,3,3,2,1,1,1,1,2,1,2,3,3,3,3,2,3,3,3,2,2,1,2,1,2,1,3,3,3
270,1,1,1,3,4,2,1,1,1,1,3,2,2,3,1,4,2,1,4,1,4,1,1,1,1,1,2,4,2,4,4
271,1,1,2,4,4,2,1,1,2,3,4,2,2,2,4,4,3,1,3,1,3,2,2,2,3,1,2,1,4,4,1
273,1,1,1,3,3,2,1,1,1,1,2,2,2,1,1,1,1,1,1,1,3,1,1,1,1,1,1,1,1,3,1
276,1,1,1,2,4,4,1,1,1,1,3,1,2,2,2,4,1,2,1,1,4,2,1,1,1,1,2,1,2,4,1
278,1,1,3,3,4,1,1,1,1,3,2,2,2,3,3,3,3,2,3,1,4,1,1,4,1,1,2,3,1,4,2
282,1,1,2,3,4,2,1,1,1,4,1,1,1,1,1,1,1,1,1,1,1,3,1,1,3,1,4,4,4,4,1
284,1,1,1,3,3,1,1,1,1,1,3,1,1,3,1,4,2,2,1,1,3,1,1,1,3,1,2,1,1,3,1
285,1,1,1,4,4,1,1,1,1,1,4,4,4,2,3,4,4,1,4,1,4,4,1,1,1,3,1,4,1,2,4
286,1,1,1,4,3,1,1,1,1,1,2,2,3,1,1,4,2,2,2,1,3,1,1,3,1,1,2,2,1,2,1
289,1,1,3,3,2,1,1,1,3,1,3,1,2,2,1,4,3,1,3,1,4,1,1,2,1,1,2,1,1,2,1
291,1,1,3,1,4,1,1,1,1,2,3,1,4,4,1,4,2,1,3,3,4,4,2,1,1,4,1,4,1,4,1
293,1,1,2,4,3,1,1,3,1,2,1,3,1,2,3,4,4,4,4,2,2,1,1,3,2,1,2,1,4,3,4
296,1,1,1,4,3,1,1,1,1,1,3,2,2,1,3,4,1,3,1,1,4,1,1,1,1,1,1,1,1,3,4
297,1,1,1,3,3,1,1,2,1,2,3,2,2,2,1,3,3,2,1,1,2,1,2,1,3,1,2,2,2,2,1
300,1,1,1,4,3,1,1,1,1,1,4,1,2,2,1,4,3,1,1,2,4,2,1,1,2,2,1,2,1,4,1
301,1,1,3,2,3,1,1,3,1,2,2,3,3,3,3,3,2,3,3,1,3,1,1,1,3,1,2,3,2,3,1
303,1,1,2,1,2,3,4,1,1,2,3,2,3,4,3,4,4,3,2,1,1,2,2,4,2,3,2,1,3,3,2
305,1,1,1,4,4,1,1,1,1,1,3,1,1,3,1,4,1,1,3,2,4,1,2,1,2,1,1,3,1,3,1
306,1,1,3,2,3,1,1,1,1,1,2,1,1,2,2,4,2,1,1,2,4,2,1,1,1,1,1,2,1,4,2
307,1,1,2,3,4,1,1,3,1,1,3,1,2,3,3,3,3,2,4,1,3,2,1,1,1,2,1,2,1,3,1
308,1,1,2,3,3,4,1,2,1,4,1,2,1,2,2,3,4,3,1,1,1,1,1,1,1,1,4,3,4,3,1
309,1,1,1,3,3,3,2,3,2,1,2,2,2,3,1,4,3,1,1,1,3,1,1,1,2,1,1,1,1,4,2
310,1,1,4,3,3,1,1,3,2,1,2,4,3,3,1,4,1,1,2,1,3,1,4,4,2,1,1,4,2,2,4
312,1,1,1,4,4,1,1,1,1,1,4,1,2,2,2,4,3,1,2,1,4,2,1,1,2,1,2,3,1,4,3
314,1,1,3,3,1,2,1,3,2,2,2,3,3,3,2,3,3,4,1,3,3,3,3,2,3,4,3,3,3,3,2
317,1,1,1,4,3,1,1,2,1,2,3,1,3,4,2,3,1,2,1,3,2,3,2,1,3,2,1,4,2,4,1
319,1,1,4,3,3,2,2,2,3,2,3,2,3,2,3,4,3,3,3,3,4,2,1,3,2,2,3,4,3,3,3
320,1,1,1,3,2,1,1,1,1,1,3,1,1,1,1,4,1,2,1,1,4,1,1,1,2,1,1,1,1,3,1
321,1,1,2,2,2,1,1,2,2,2,4,2,1,1,3,4,3,1,3,4,4,3,1,2,2,3,2,3,3,3,2
322,1,1,2,3,3,1,1,2,1,1,4,1,2,2,1,3,1,1,1,1,3,1,1,2,1,1,2,2,1,4,1
325,1,1,2,3,2,1,1,2,2,2,3,2,1,4,3,4,3,2,2,2,2,2,2,2,2,1,2,3,2,3,2
326,1,1,1,2,1,1,1,1,1,1,3,1,2,2,3,3,1,2,3,1,3,3,1,1,2,3,1,2,1,4,2
327,1,1,2,3,4,1,1,2,1,1,2,1,2,3,4,3,1,1,4,1,4,1,1,2,2,1,2,3,1,3,1
329,1,1,1,4,2,1,1,1,2,1,4,1,2,2,2,3,1,1,1,2,3,1,1,1,1,1,2,2,1,2,1
330,1,1,1,3,3,2,2,2,1,1,4,2,3,3,3,3,2,2,1,1,1,1,1,1,3,1,3,3,3,3,3
332,1,1,2,1,4,2,1,1,1,1,4,3,4,4,1,4,4,1,4,1,2,2,1,1,2,1,3,4,4,2,1
333,1,1,1,3,3,2,1,1,1,1,3,1,2,3,2,3,1,1,2,1,4,1,1,1,2,1,2,2,2,4,3
335,1,1,2,2,4,1,1,1,1,1,3,3,3,3,3,4,3,3,3,2,4,3,2,2,3,3,2,2,2,4,3
336,1,1,1,2,3,1,1,2,1,1,4,2,2,2,2,4,3,2,1,2,4,2,1,1,1,1,1,1,2,2,3
337,1,1,3,2,3,2,2,2,2,3,3,3,2,3,3,3,2,2,3,2,3,3,2,2,3,3,3,3,2,3,1
338,1,1,1,3,2,1,1,1,1,2,2,1,1,2,2,3,1,1,1,1,3,1,1,1,1,1,2,2,1,3,1
339,1,1,3,3,3,1,1,2,1,2,2,2,1,2,4,3,1,2,1,2,2,1,1,3,3,1,2,2,2,2,1
341,1,1,2,3,4,1,1,2,2,1,4,3,3,3,2,4,1,1,4,1,4,1,2,1,1,1,2,3,1,4,3
342,1,1,1,3,3,1,1,1,1,1,3,1,2,3,1,3,1,1,1,1,4,1,1,1,2,1,1,1,1,3,1
343,1,1,4,1,2,1,1,2,1,2,4,3,2,3,3,4,4,2,3,3,3,3,2,3,1,1,2,3,3,2,2
345,1,1,1,3,4,1,1,1,1,1,3,2,2,3,4,4,3,1,3,2,4,1,1,1,1,1,2,3,2,3,1
346,1,1,2,2,2,2,1,2,3,2,2,1,2,4,1,3,1,2,1,2,3,2,1,1,3,2,3,2,3,3,1
347,1,1,3,3,4,1,1,2,1,1,4,3,3,3,3,3,1,1,2,1,3,2,3,2,2,2,2,3,3,4,1
348,1,1,1,3,3,2,1,2,1,2,2,4,3,3,2,3,3,2,2,1,3,2,2,2,2,1,2,3,3,3,2
349,1,1,2,4,3,1,3,1,1,1,3,1,2,3,3,4,4,1,1,2,2,3,2,3,3,1,1,2,1,2,1
355,1,1,1,3,3,2,1,1,2,2,2,3,2,3,2,4,3,2,3,3,4,2,2,1,2,1,2,2,2,3,1
358,1,1,2,4,4,1,1,1,1,1,2,1,1,1,2,4,1,1,4,1,4,2,1,1,1,2,1,2,3,1,1
359,1,1,2,3,3,2,1,2,2,3,3,2,2,3,2,3,2,1,3,1,3,1,1,2,2,1,2,2,3,4,2
360,1,1,1,4,2,1,1,1,2,1,4,2,1,2,4,4,2,1,2,1,3,1,1,1,1,1,2,1,1,3,1
362,1,1,1,4,3,2,1,2,1,2,4,2,2,2,1,4,1,1,3,1,4,1,1,1,1,2,3,3,3,4,1
364,1,1,3,2,3,1,1,3,1,2,3,2,3,2,1,3,3,1,1,1,3,1,1,2,1,1,2,1,3,3,1
365,1,1,2,4,2,2,1,2,1,1,3,3,2,1,1,4,1,2,2,1,1,1,1,3,1,1,2,2,1,4,1
366,1,1,2,4,4,2,1,1,2,2,3,2,1,4,1,2,1,1,2,1,3,3,1,1,2,2,2,1,2,3,1
368,1,1,1,2,4,1,1,1,1,1,3,3,3,3,2,4,3,2,1,1,3,4,3,1,2,2,2,2,2,3,2
369,1,1,1,3,4,1,1,2,1,2,3,3,3,2,4,4,2,1,1,1,4,2,1,2,2,3,2,4,2,4,1
371,1,1,2,3,3,1,1,1,1,1,4,1,1,2,1,4,2,1,3,1,2,1,1,1,1,1,1,1,1,4,1
372,1,1,2,3,3,1,1,2,1,2,2,1,1,3,1,4,2,3,1,3,2,3,1,2,3,3,2,2,1,2,1
373,1,1,1,2,3,2,1,2,1,1,2,1,2,2,1,3,1,2,3,1,3,1,1,3,4,1,3,1,3,4,1
374,1,1,4,2,2,3,1,3,1,1,3,1,4,3,1,3,1,3,3,1,2,1,3,3,3,1,2,3,1,1,2
375,1,1,3,4,4,2,1,2,1,2,2,2,3,3,2,3,3,1,3,1,3,1,1,2,1,1,2,1,2,3,3
377,1,1,1,2,3,1,1,1,1,2,3,2,2,1,1,3,1,1,1,1,4,1,1,1,2,1,1,2,2,3,1
379,1,1,2,4,3,2,1,2,1,2,2,2,1,2,2,3,2,2,3,2,2,2,2,2,2,1,4,2,3,2,2
380,1,1,4,4,3,3,1,3,1,4,3,4,4,2,2,3,3,3,2,1,3,1,3,3,1,1,3,2,3,3,1
381,1,1,2,3,4,1,1,1,1,1,4,3,2,3,2,4,3,1,1,1,3,3,1,1,2,2,2,2,1,4,1
382,1,1,3,3,4,2,1,3,1,1,3,1,1,2,4,4,1,1,4,1,4,2,3,3,2,1,1,3,3,2,1
383,1,1,2,3,4,1,1,3,1,1,2,3,2,3,1,3,3,1,1,2,3,1,2,2,1,1,4,4,3,1,1
385,1,1,2,3,2,2,1,1,2,2,2,3,2,1,1,4,4,2,1,1,3,2,1,1,1,1,2,2,2,2,1
386,1,1,1,4,4,1,1,1,1,1,4,2,2,2,1,4,3,1,1,1,3,2,1,1,1,2,1,2,1,4,1
387,1,1,3,4,4,2,2,3,1,2,2,2,3,2,3,3,4,3,3,2,3,4,2,3,1,4,3,3,4,2,3
389,1,1,3,4,3,3,1,1,1,1,2,2,3,2,3,4,4,3,3,2,2,1,1,1,1,2,3,4,3,4,1
390,1,1,2,2,3,2,1,1,2,1,4,2,1,3,1,4,2,1,1,1,3,2,1,1,2,2,2,1,2,3,2
391,1,1,2,3,3,2,1,1,1,2,4,1,2,4,1,2,3,2,1,1,4,1,1,2,1,1,2,1,1,3,2
394,1,1,2,3,3,3,1,3,1,3,2,2,3,3,1,3,3,3,1,1,1,1,2,2,2,1,2,3,2,3,1
395,1,1,4,2,4,4,1,4,1,3,2,4,4,4,2,3,4,4,4,1,3,3,1,2,3,3,3,2,3,3,1
396,1,1,2,2,3,2,1,1,1,3,3,1,1,3,3,4,2,1,3,1,2,1,1,2,1,1,2,3,1,4,1
397,1,1,1,4,4,1,1,1,2,1,3,1,2,1,1,4,1,1,1,1,4,1,1,1,1,1,1,1,1,4,1
398,1,1,2,3,4,1,1,1,1,2,4,2,2,2,1,3,2,1,1,1,3,1,1,1,1,1,1,1,1,3,1
399,1,1,2,3,4,1,1,3,1,1,3,3,2,4,2,4,2,3,4,2,3,3,1,3,2,1,2,2,3,4,2
401,1,1,3,4,4,1,1,2,1,1,4,2,2,3,4,4,3,1,3,1,3,2,1,3,1,1,1,3,1,3,2
402,1,1,1,3,3,1,1,1,1,2,3,2,3,2,3,4,3,2,2,1,2,1,1,1,4,3,2,4,2,2,1
403,1,1,2,4,3,2,1,2,2,1,3,1,2,2,2,3,2,1,3,2,3,2,1,1,2,1,2,3,2,3,2
404,1,1,2,4,3,1,1,1,1,2,2,2,2,3,2,3,2,2,2,1,2,1,1,1,2,1,1,1,1,2,1
405,1,1,2,4,3,1,1,2,1,2,3,2,2,2,2,4,3,1,2,1,4,1,2,1,1,1,2,2,3,3,2
407,1,1,1,3,4,1,1,2,1,2,1,2,3,2,3,4,3,1,1,1,3,3,1,1,3,3,3,4,2,4,1
408,1,1,1,4,2,1,1,2,1,1,2,2,1,2,2,3,2,1,1,1,3,1,1,1,2,1,1,2,1,3,2
411,1,1,1,3,3,1,1,2,1,1,4,1,1,3,1,4,2,2,1,1,3,1,2,2,2,1,1,1,3,2,1
413,1,1,2,4,3,1,1,1,1,1,4,1,2,3,2,3,1,1,1,1,3,3,1,1,1,2,2,2,1,4,2
414,1,1,1,3,3,1,1,1,1,1,2,1,1,1,2,4,3,2,1,1,4,1,1,1,1,1,2,1,2,3,1
415,1,1,2,3,3,1,1,1,1,1,4,2,1,4,1,3,2,1,1,1,2,2,1,3,3,1,2,1,1,4,1
417,1,1,3,4,4,2,1,1,1,2,3,4,4,4,1,4,4,1,2,1,2,2,3,3,2,1,4,3,1,4,4
419,1,1,1,4,4,1,1,1,2,2,2,1,1,4,1,4,3,1,1,1,1,1,1,1,4,1,4,1,2,3,1
424,1,1,3,2,3,1,1,2,1,3,2,3,3,2,4,3,2,2,3,3,2,3,3,3,2,3,2,3,2,3,1
425,1,1,2,2,3,2,1,1,1,1,3,1,1,3,2,4,2,2,4,3,3,3,1,2,3,3,2,2,1,3,4
426,1,1,1,3,3,2,1,1,1,1,2,2,1,2,2,3,2,4,3,1,2,1,1,1,1,1,3,2,3,3,1
428,1,1,1,2,4,3,1,1,3,3,1,1,1,1,1,3,1,3,1,1,2,1,1,1,1,1,3,1,2,3,1
430,1,1,1,3,4,1,1,3,1,1,3,2,2,1,2,4,3,1,3,2,3,1,1,1,4,1,2,2,2,4,4
431,1,1,2,3,3,2,1,2,1,1,3,2,2,4,2,4,4,1,3,1,3,3,1,1,1,3,3,2,1,4,1
434,1,1,2,3,4,2,1,2,1,2,3,3,3,2,1,3,1,1,1,1,3,2,1,2,1,1,1,3,2,3,1
436,1,1,1,2,2,1,1,1,1,1,3,1,1,1,1,4,4,1,2,1,4,1,1,1,1,1,2,2,1,3,1
439,1,1,2,2,4,3,1,3,1,2,2,2,3,3,3,4,4,1,3,1,3,4,2,1,2,4,4,2,1,2,1
440,1,1,1,1,3,2,1,3,1,3,2,3,3,3,2,4,3,3,2,1,1,1,1,2,1,1,3,1,2,1,1
443,1,1,2,3,3,1,1,3,3,1,4,1,1,3,4,4,3,1,3,1,4,1,2,2,2,1,2,4,1,4,3
444,1,1,4,4,4,2,1,1,1,2,1,4,3,3,3,4,3,2,3,4,1,3,1,2,1,3,4,4,3,1,1
445,1,1,2,3,3,2,1,3,1,2,3,3,1,3,3,3,2,2,1,1,2,1,2,3,1,1,3,4,4,2,3
446,1,1,1,4,4,1,1,1,1,1,4,1,3,3,1,4,3,1,1,3,4,3,1,1,3,1,2,2,1,4,1
447,1,1,2,3,4,1,1,2,1,1,4,1,1,3,2,3,2,1,1,1,4,1,1,1,1,1,1,3,1,4,1
448,1,1,3,4,4,2,1,3,2,4,1,1,3,3,2,3,1,1,1,1,2,1,3,3,1,1,4,2,3,1,2
450,1,1,3,4,4,2,1,3,2,4,1,1,3,3,2,3,1,1,1,1,2,1,3,3,1,1,4,2,3,1,2
452,1,1,1,3,3,1,1,1,1,2,3,1,1,3,2,4,1,2,3,1,3,1,1,1,2,1,3,2,2,4,1
453,1,1,1,2,3,1,1,1,1,1,3,1,2,2,2,4,3,1,2,2,4,1,1,1,2,1,2,3,2,3,1
455,1,1,3,4,2,3,1,1,2,1,3,2,2,1,1,4,3,4,2,1,2,1,2,4,2,1,1,3,3,3,1
459,1,1,1,3,2,2,1,2,1,1,3,3,3,2,2,3,1,2,1,3,3,1,2,1,3,1,1,4,2,2,1
461,1,1,1,1,1,2,1,2,1,2,2,3,2,3,1,2,3,3,1,3,1,2,2,1,3,1,3,2,3,2,1
462,1,1,2,3,3,2,1,1,2,3,2,3,2,2,2,4,2,2,1,2,3,1,2,1,2,2,2,2,2,3,1
464,1,1,2,3,4,1,2,2,1,2,3,2,4,4,3,4,3,2,3,1,4,2,1,1,1,2,2,2,2,4,3
468,1,1,1,3,3,1,1,1,1,1,3,1,2,3,2,4,3,2,1,1,3,2,2,1,2,1,1,2,2,3,1
470,1,1,1,3,3,1,1,3,1,2,2,1,2,2,2,3,3,3,3,2,1,2,1,1,1,1,2,2,2,4,1
472,1,1,4,2,4,1,1,3,1,2,3,2,4,2,3,3,3,3,3,1,1,3,2,3,2,1,2,3,1,3,1
473,1,1,4,3,4,1,1,2,1,2,2,2,2,4,3,4,4,2,2,1,3,1,1,2,1,1,2,3,1,3,1
475,1,1,2,3,4,1,1,2,1,1,4,1,2,2,3,4,1,1,2,1,4,1,1,3,3,1,1,4,1,3,2
478,1,1,1,4,4,1,1,1,1,1,4,1,1,1,4,2,1,1,2,1,4,1,1,1,1,1,1,1,1,4,1
480,1,1,1,3,3,1,1,2,1,1,3,1,2,1,2,4,2,1,3,3,2,4,1,1,1,3,1,1,1,3,2
481,1,1,3,3,1,1,1,2,1,2,3,3,1,3,4,3,2,2,3,1,4,1,1,3,3,1,2,2,2,3,2
482,1,1,1,3,4,1,1,1,1,1,1,1,2,1,1,4,1,1,4,4,4,3,1,1,1,2,2,3,1,4,1
483,1,1,2,4,4,2,2,2,1,2,2,2,1,3,2,4,2,2,2,2,3,2,1,2,2,1,3,2,1,3,1
484,1,1,2,3,4,1,2,2,1,1,4,2,3,3,3,4,3,2,2,2,4,3,1,2,2,3,2,4,2,3,3
488,1,1,1,4,1,1,1,1,1,1,4,1,1,1,2,3,1,1,3,1,2,2,1,1,1,1,2,4,1,4,1
489,1,1,1,4,4,1,1,1,2,1,3,3,1,3,3,4,1,1,1,1,3,1,1,1,1,1,3,4,1,3,1
491,1,1,1,4,3,1,1,1,2,2,3,2,2,3,2,4,3,1,1,1,2,3,1,1,1,3,1,2,2,4,1
493,1,1,1,3,2,2,2,1,1,2,1,2,1,2,1,3,2,2,1,3,2,2,2,2,2,2,2,1,1,2,2
494,1,1,3,1,1,1,1,2,1,1,2,4,1,4,2,4,3,3,4,2,3,3,1,3,4,2,3,3,4,4,1
497,1,1,1,4,4,1,2,2,1,2,3,2,3,3,2,4,3,2,1,1,4,1,2,2,2,2,1,3,1,2,1
498,1,1,1,3,3,2,1,1,1,2,3,1,2,3,3,4,1,2,2,1,3,1,1,3,3,1,2,2,1,4,1
499,1,1,1,4,4,1,1,1,1,2,4,1,2,3,4,4,1,1,4,1,3,1,1,1,3,1,4,1,1,4,1
503,1,1,3,3,4,1,1,1,1,2,3,1,1,1,1,3,2,1,1,2,2,1,1,1,2,1,3,1,1,2,1
507,1,1,4,3,4,2,2,2,1,2,3,3,3,4,4,4,4,2,3,3,2,3,2,1,4,3,3,3,1,4,3
510,1,1,1,2,1,1,1,1,1,1,3,1,3,3,1,1,2,1,1,1,3,1,1,2,2,1,1,2,1,3,1
512,1,1,3,3,3,1,2,3,1,2,3,3,2,3,3,4,3,3,4,3,4,3,1,2,1,2,3,3,3,3,2
513,1,1,1,3,1,1,1,3,1,3,2,3,3,3,3,4,2,2,1,1,3,1,1,1,2,1,3,2,3,3,1
516,1,1,1,4,4,1,1,1,1,1,3,3,4,2,2,4,4,3,3,1,4,4,1,1,1,4,1,3,1,4,1
517,1,1,1,2,3,1,1,1,1,1,3,2,1,1,1,4,1,1,1,1,4,1,1,1,1,1,1,1,1,1,1
518,1,1,3,3,3,3,1,3,1,3,2,1,3,2,2,3,3,1,1,1,2,1,3,3,1,1,3,2,1,2,1
519,1,1,1,3,3,3,1,1,1,1,2,1,1,3,3,3,1,1,1,1,2,1,1,1,3,1,3,1,1,2,1
522,1,1,2,3,1,3,1,2,1,2,1,2,4,1,2,4,4,2,2,1,2,2,1,2,1,2,2,2,1,1,1
523,1,1,3,2,3,1,1,2,1,2,2,1,1,1,1,2,4,4,4,2,4,4,3,3,3,3,4,1,2,1,1
524,1,1,4,4,4,1,1,4,4,2,3,2,2,2,4,3,1,2,4,4,2,4,2,4,1,4,2,4,1,4,4
528,1,1,1,4,4,1,1,1,2,1,3,1,2,2,1,3,3,2,3,2,3,3,1,1,1,2,2,1,3,4,2
529,1,1,1,4,2,3,1,1,1,1,2,3,1,4,3,4,2,3,4,1,3,1,2,3,3,1,3,3,1,4,3
533,1,1,3,3,4,1,2,3,3,2,3,2,3,4,1,4,3,1,2,3,3,2,1,2,1,1,2,4,3,4,1
535,1,1,1,2,3,1,1,1,2,2,3,1,1,1,1,3,1,1,1,1,2,1,1,1,2,1,1,1,1,3,1
536,1,1,1,3,4,2,1,1,1,1,4,1,2,2,1,4,2,1,2,3,3,1,1,1,2,1,1,2,1,4,2
537,1,1,2,3,2,1,1,2,2,2,2,2,2,2,2,3,2,2,2,2,3,2,2,2,2,2,2,2,2,3,2
538,1,1,1,3,2,4,2,2,1,1,2,3,2,2,3,3,4,3,3,2,2,4,2,1,2,3,3,4,2,1,1
539,1,1,3,3,3,1,1,1,1,1,4,1,1,3,3,4,2,3,3,2,4,2,1,1,1,1,3,2,1,4,1
540,1,1,2,3,3,2,1,1,1,3,2,3,2,2,2,2,2,2,2,3,3,4,1,1,1,4,3,1,2,3,1
541,1,1,2,3,4,1,1,1,1,1,4,1,3,3,1,4,1,1,1,1,3,1,1,1,2,1,3,1,2,4,1
542,1,1,1,4,3,1,1,1,1,1,2,1,1,1,3,3,2,1,4,1,4,1,1,1,1,1,2,2,2,2,1
543,1,1,1,2,4,1,1,1,3,1,4,1,3,3,2,4,4,1,4,2,2,1,1,1,2,2,1,2,1,2,2
544,1,1,1,2,4,1,1,3,1,1,3,4,3,3,2,4,1,2,1,3,2,3,3,4,3,3,1,2,4,1,1
545,1,1,4,2,4,2,1,3,1,3,3,4,4,4,4,3,4,1,4,1,4,4,1,1,4,3,1,3,4,1,4
548,1,1,2,2,3,2,1,3,1,1,2,3,4,1,3,1,1,3,3,3,2,3,1,2,3,3,3,4,1,4,2
553,1,1,3,3,3,1,1,1,1,2,3,3,4,4,1,4,2,1,4,3,4,2,1,1,2,1,1,4,2,4,2
554,1,1,1,4,4,2,1,1,1,1,3,1,2,3,3,3,3,1,3,1,4,1,1,1,1,1,1,3,1,4,1
556,1,1,3,4,4,1,3,1,1,1,2,3,4,4,4,4,4,2,4,3,2,4,2,3,2,4,2,3,1,2,1
557,1,1,1,3,4,1,1,1,1,3,2,1,1,3,1,4,2,2,2,2,3,1,2,2,3,1,2,3,1,4,1
558,1,1,1,4,4,1,1,1,1,1,4,1,1,1,3,4,2,1,3,4,4,4,1,1,1,4,1,1,1,4,1
561,1,1,2,2,3,1,1,1,1,1,3,2,1,2,1,4,2,1,3,1,4,1,1,1,1,1,1,2,2,4,2
562,1,1,2,3,1,3,1,4,1,4,2,2,4,4,3,3,2,2,1,1,1,1,1,4,4,1,2,3,3,3,2
563,1,1,1,3,3,2,1,1,2,1,3,3,2,2,3,3,1,2,1,1,4,1,1,1,1,1,1,1,1,4,1
564,1,1,1,4,2,1,1,1,1,1,4,1,1,1,3,3,2,1,1,1,4,1,1,1,3,1,3,2,1,4,1
565,1,1,3,3,4,1,1,2,1,2,4,2,3,3,2,4,2,2,3,1,3,1,1,2,3,1,2,4,1,4,4
568,1,1,2,3,4,2,1,3,1,2,3,4,3,3,4,4,3,3,4,1,3,1,3,3,2,1,2,4,3,2,1
569,1,1,1,2,4,2,1,2,1,1,4,1,1,4,4,4,4,1,2,1,4,4,1,1,1,4,1,4,1,1,1
570,1,1,1,3,2,2,2,2,1,1,4,3,2,3,2,3,2,2,4,4,2,3,1,2,1,2,3,2,3,2,2
571,1,1,2,3,2,2,1,3,1,2,2,2,3,4,1,4,2,4,2,1,2,1,1,1,3,1,1,2,3,4,1
573,1,1,2,2,4,2,1,2,2,2,2,1,2,1,2,4,2,2,1,1,2,4,1,2,2,4,4,3,3,3,2
577,1,1,1,4,3,2,1,2,3,2,2,2,1,3,3,3,2,1,1,1,4,1,3,1,2,1,2,3,2,4,1
579,1,1,2,4,3,1,1,1,1,1,4,1,2,1,3,3,3,1,1,1,4,4,1,1,3,4,3,2,2,4,1
580,1,1,1,4,4,1,1,1,1,1,2,1,1,3,4,4,4,1,1,1,4,4,1,1,1,4,1,1,1,3,1
582,1,1,2,4,3,1,1,1,1,1,3,1,2,2,2,4,3,1,2,1,3,1,2,1,2,1,2,2,2,3,1
584,1,1,1,4,4,2,1,2,4,1,4,4,2,3,1,3,1,2,2,1,4,4,1,1,1,1,2,2,2,3,1
585,1,1,1,4,4,1,1,1,1,1,4,1,2,1,1,4,1,1,1,1,4,1,1,1,1,1,1,1,1,4,1
586,1,1,1,3,4,1,1,1,1,1,3,1,1,1,2,3,2,1,3,1,4,1,1,1,2,2,3,2,2,3,2
587,1,1,3,3,4,1,1,3,1,1,3,1,3,3,1,3,3,1,2,3,3,1,1,3,2,1,1,3,1,1,1
589,1,1,2,4,3,1,1,2,2,2,3,2,2,3,1,3,3,2,2,1,2,2,2,2,2,2,3,2,3,3,1
591,1,1,3,3,4,1,1,1,3,2,1,1,2,2,4,3,1,1,2,2,1,2,1,1,2,2,3,1,3,3,1
593,1,1,1,4,4,2,1,2,1,1,3,2,2,1,2,4,2,3,2,4,4,4,1,1,1,4,1,1,1,2,1
594,1,1,1,3,3,1,1,1,1,1,3,1,2,2,2,4,4,2,2,1,4,1,1,1,1,1,1,2,1,4,1
595,1,1,3,3,3,1,1,3,1,1,4,1,2,3,3,4,2,1,3,3,3,3,3,3,3,3,3,3,3,3,3
596,1,1,1,3,2,2,1,2,1,2,3,1,3,3,3,4,3,1,1,1,3,1,1,1,1,1,2,2,2,2,1
599,1,1,1,2,4,1,1,1,1,1,3,1,2,1,1,2,3,2,1,1,3,1,1,1,1,1,1,2,4,4,1
600,1,1,2,3,3,2,1,2,1,2,3,2,2,3,2,2,2,2,3,2,3,1,1,1,2,1,3,2,1,2,2
601,1,1,1,3,3,2,1,1,1,1,2,4,3,4,2,4,1,1,1,1,3,1,1,1,2,1,2,3,1,1,1
602,1,1,1,4,2,2,1,3,1,3,2,3,3,2,1,3,3,2,1,1,2,1,1,1,1,1,2,1,1,1,1
604,1,1,1,3,4,1,1,1,1,1,4,2,2,3,1,3,1,1,3,1,4,1,1,1,3,1,1,2,1,4,1
607,1,1,3,1,4,1,1,2,1,2,4,3,2,3,3,4,3,2,1,3,3,4,2,1,2,3,2,3,2,4,1
612,1,1,1,3,4,1,1,1,1,1,3,2,1,3,2,3,1,1,1,2,4,4,1,1,1,4,1,1,1,3,1
613,1,1,2,4,2,4,1,3,1,4,4,3,2,3,2,3,2,2,1,1,2,1,2,1,2,1,3,3,3,3,1
616,1,1,4,4,3,2,1,1,1,1,2,4,4,1,1,3,4,1,1,1,2,1,1,2,3,1,1,3,1,2,4
619,1,1,1,3,3,2,1,1,1,2,2,1,1,3,2,4,3,2,3,1,4,1,1,1,2,1,1,1,1,4,2
621,1,1,2,4,4,1,1,2,2,1,3,2,3,1,4,4,3,1,3,4,3,3,1,2,2,3,2,3,1,3,2
626,1,1,2,2,3,2,1,1,2,2,2,3,1,2,1,3,4,1,1,3,1,2,2,2,2,2,1,4,3,4,2
627,1,1,1,4,4,3,1,1,1,2,3,1,1,3,1,4,1,3,1,2,4,2,4,3,1,2,3,1,3,4,1
629,1,1,1,2,3,4,1,2,1,2,1,2,4,3,3,3,2,4,4,1,3,1,1,1,1,1,4,1,1,1,1
630,1,1,3,2,2,1,1,2,1,1,3,1,2,4,4,4,3,3,2,3,3,3,1,1,3,3,2,3,1,4,3
632,1,1,2,4,4,1,1,2,1,1,1,1,1,2,2,4,1,2,3,1,3,2,1,2,1,1,2,2,2,4,1
633,1,1,2,3,3,1,1,1,1,1,4,1,1,3,1,4,4,3,1,3,4,1,1,1,2,1,1,2,1,4,1
634,1,1,2,2,2,1,1,1,1,1,3,1,2,2,1,2,3,1,3,1,3,1,1,2,1,1,1,3,2,1,1
637,1,1,3,3,3,1,2,2,2,1,2,3,2,3,1,4,3,2,3,2,4,3,1,2,3,3,1,3,2,4,2
638,1,1,4,3,1,2,1,2,1,2,3,1,3,3,2,3,3,3,4,1,2,3,2,2,3,1,2,4,3,1,2
639,1,1,1,4,1,1,1,1,1,2,2,2,2,3,2,2,2,3,2,2,2,2,2,2,2,2,3,3,3,3,3
640,1,1,3,3,4,2,4,4,1,2,1,1,3,3,3,4,4,3,2,3,1,4,4,1,3,3,4,4,4,1,1
642,1,1,1,2,2,2,2,2,2,2,3,2,2,1,2,4,2,1,2,4,3,4,2,3,1,3,2,2,2,2,1
643,1,1,2,1,4,3,1,1,1,1,1,1,1,3,3,1,4,2,1,1,4,1,2,1,1,1,3,1,1,4,1
644,1,1,1,3,4,1,1,1,1,1,3,1,1,1,1,3,3,1,2,3,3,3,1,1,1,3,1,2,1,2,1
647,1,1,1,2,2,1,1,1,1,1,4,1,1,2,1,3,1,1,1,1,4,2,1,1,1,2,1,1,1,4,1
648,1,1,1,3,3,1,1,1,1,1,2,1,1,2,1,1,1,1,2,1,4,1,1,1,1,1,2,2,1,3,2
653,1,1,2,2,3,2,1,2,1,2,3,1,3,3,1,3,2,1,2,1,3,2,1,1,1,1,2,3,2,4,1
654,1,1,2,4,4,2,1,1,1,3,2,1,3,3,2,4,1,3,1,1,2,3,1,1,1,3,3,3,2,4,1
655,1,1,3,4,4,2,1,2,1,2,3,2,3,4,3,4,2,2,1,1,3,3,2,3,3,4,2,4,4,4,1
657,1,1,1,3,3,1,1,2,1,3,1,1,3,4,1,3,3,3,1,1,3,1,1,1,3,1,3,3,2,4,1
659,1,1,2,3,4,1,1,3,3,1,4,1,2,1,1,4,2,2,2,2,4,1,1,3,1,1,2,3,2,3,2
661,1,1,4,3,4,1,1,3,1,3,4,2,2,3,4,4,2,1,3,1,4,1,1,3,2,1,1,3,1,3,1
663,1,1,3,4,3,2,1,4,1,3,1,4,4,2,4,4,1,4,3,2,1,3,4,4,3,2,1,4,4,3,3
666,1,1,2,3,4,2,1,2,1,1,2,2,1,3,2,3,3,1,1,2,3,3,1,1,1,2,2,2,1,3,1
669,1,1,1,3,3,2,1,1,1,2,2,1,1,2,1,4,2,2,1,2,3,1,1,1,2,1,3,1,1,3,1
671,1,1,2,3,2,1,2,1,1,3,2,2,3,4,2,4,3,3,1,1,3,3,1,1,3,3,2,2,3,4,1
674,1,1,2,4,3,2,1,3,3,3,2,2,3,3,1,4,1,2,3,1,3,1,3,3,4,1,3,4,4,3,1
675,1,1,1,3,1,2,1,2,1,1,3,1,3,3,3,4,4,2,4,1,4,1,1,2,4,2,3,4,2,3,1
676,1,1,4,3,2,1,1,1,4,4,4,1,4,4,3,4,1,1,2,1,1,1,3,2,2,1,1,4,1,4,1
677,1,1,3,1,4,1,1,2,1,1,3,3,1,3,4,4,4,2,4,1,3,3,3,1,3,3,2,2,2,1,2
678,1,1,1,3,3,1,1,1,1,1,3,1,1,2,1,2,2,1,3,1,4,2,1,1,2,1,1,2,1,4,1
679,1,1,3,2,3,1,1,2,1,2,3,3,1,2,2,3,3,3,1,1,3,1,1,2,1,1,3,2,3,3,1
680,1,1,2,3,4,1,1,1,3,1,3,1,2,3,1,4,1,1,4,1,3,1,1,1,2,1,2,1,2,2,2
682,1,1,2,2,3,2,1,1,1,1,1,1,1,3,1,3,1,2,2,1,2,1,1,1,1,1,2,1,2,4,1
683,1,1,1,4,4,1,1,1,1,1,3,2,3,3,3,4,2,1,4,1,3,1,1,1,2,1,2,2,1,3,1
684,1,1,1,3,2,2,1,3,2,2,3,1,1,2,2,3,2,2,1,1,2,1,2,3,1,1,3,1,1,3,1
685,1,1,2,3,3,1,1,1,1,2,3,1,2,2,2,4,3,1,1,1,3,1,1,1,1,1,2,1,2,4,1
686,1,1,2,2,2,1,2,3,1,3,3,2,3,4,2,4,3,2,2,2,3,2,2,3,3,2,3,3,3,3,2
687,1,1,2,3,3,2,1,1,1,1,1,2,3,4,3,4,3,3,3,3,3,2,1,1,3,2,1,3,2,1,1
688,1,1,2,3,2,3,2,2,2,3,2,2,2,3,3,3,3,2,2,1,2,1,1,1,2,1,3,3,2,3,2
692,1,1,4,3,4,2,1,3,1,4,1,3,3,2,3,3,3,4,4,2,2,3,2,3,2,3,3,3,1,1,2
694,1,1,1,4,3,1,1,1,1,1,3,1,1,2,1,4,3,1,4,2,3,1,1,1,1,1,2,3,4,4,3
698,1,1,2,3,3,1,2,2,1,2,1,2,2,2,2,4,2,4,1,2,3,2,3,2,2,2,2,4,3,2,4
700,1,1,2,3,3,1,1,1,1,1,4,1,1,2,1,4,3,1,2,1,3,2,1,1,2,1,1,1,1,4,1
703,1,1,3,4,4,2,1,1,1,4,1,3,1,4,3,4,1,4,1,3,1,2,2,1,1,1,4,1,2,4,1
704,1,1,1,4,2,1,1,1,3,2,3,1,1,2,1,4,1,2,1,1,3,1,1,1,1,1,1,2,1,2,1
705,1,1,3,3,3,2,1,1,1,1,2,2,1,3,1,4,2,1,2,3,3,1,1,2,3,1,1,2,1,4,1
711,1,1,3,3,4,1,1,2,1,1,2,3,2,2,3,4,2,1,1,1,4,1,3,3,2,1,1,3,2,3,1
712,1,1,2,4,4,1,1,2,1,1,3,1,2,3,2,3,2,1,3,3,3,3,1,1,2,3,2,2,2,1,1
717,1,1,3,3,3,2,2,2,1,1,2,1,2,2,2,4,2,2,2,3,3,3,1,2,1,3,1,3,2,4,2
719,1,1,2,3,4,1,1,1,2,2,4,2,2,3,2,4,3,2,1,1,3,1,2,1,1,1,1,3,2,4,1
723,1,1,1,3,4,1,1,1,1,1,4,1,2,3,4,4,4,1,1,1,4,1,1,3,3,1,1,2,2,4,1
727,1,1,2,4,3,1,1,3,3,2,3,4,4,4,4,3,4,4,4,4,1,2,3,3,4,1,2,4,4,4,2
728,1,1,1,4,3,1,1,1,1,1,4,1,1,2,2,4,3,1,4,3,2,3,1,1,2,2,1,2,3,4,1
730,1,1,3,3,4,2,1,3,3,3,3,3,2,3,3,3,2,3,2,2,2,3,3,2,2,3,3,3,3,2,2
732,1,1,2,2,3,1,1,1,1,1,4,1,1,1,1,4,4,1,4,2,4,1,1,1,1,1,1,1,3,4,1
734,1,1,3,3,4,2,1,1,2,3,3,2,2,3,1,4,2,2,1,1,3,1,1,1,2,1,3,3,1,3,1
736,1,1,1,4,3,1,1,1,2,2,2,1,1,2,2,3,2,1,1,1,3,1,1,1,1,1,1,1,1,1,1
738,1,1,4,4,3,1,1,1,1,1,3,3,4,4,2,4,3,1,1,2,4,1,1,4,3,1,2,2,1,3,1
740,2,1,1,4,4,1,1,1,1,1,4,1,1,1,2,4,3,1,4,1,4,1,3,1,3,1,4,3,1,3,1
741,2,1,2,4,3,1,3,1,2,1,4,3,2,1,3,3,3,3,4,3,4,3,2,1,2,1,2,4,3,3,3
745,2,1,1,2,3,2,1,1,1,1,3,1,2,2,2,3,3,3,4,1,2,1,1,1,1,1,3,1,1,3,1
749,2,1,3,3,4,2,1,3,1,3,3,2,2,3,2,2,4,1,4,1,3,1,2,2,2,1,3,2,2,2,3
750,2,1,3,2,3,2,1,1,1,2,3,2,2,4,2,2,4,2,2,1,2,1,2,2,3,1,3,4,2,2,2
751,2,1,2,4,4,2,1,2,2,2,3,4,1,3,4,2,4,2,4,1,1,4,1,1,4,3,4,2,4,4,1
752,2,1,2,3,3,1,1,1,1,2,2,1,1,2,2,2,1,1,1,1,2,1,1,1,1,1,2,2,2,3,1
754,2,1,2,3,4,3,1,2,1,2,3,2,1,2,3,4,3,2,2,1,3,1,1,2,1,1,3,4,2,3,1
756,2,1,3,3,4,2,1,2,3,3,3,1,2,2,1,4,4,2,2,1,4,1,1,2,1,1,2,4,1,3,1
758,2,1,1,3,4,1,2,1,1,1,3,1,2,1,1,3,1,2,4,3,3,1,1,1,1,1,2,2,1,4,3
760,2,1,1,3,2,1,1,1,1,1,3,1,1,2,1,4,1,2,1,1,3,1,1,1,2,1,2,1,1,4,1
762,2,1,1,4,3,1,2,2,1,2,3,2,1,2,2,4,3,2,1,3,3,2,1,2,2,3,2,2,3,2,1
763,2,1,1,3,3,1,1,2,1,1,3,1,2,2,1,3,2,1,3,1,3,3,1,1,1,2,1,3,1,3,1
764,2,1,2,3,4,1,1,2,1,1,4,2,2,3,3,4,3,1,1,1,4,1,1,1,1,1,1,3,1,3,1
765,2,1,2,2,3,1,1,1,1,1,3,2,2,3,1,4,3,1,2,2,4,2,1,1,1,1,3,1,3,2,1
766,2,1,1,2,4,1,1,2,1,2,3,3,2,3,3,4,2,2,2,2,3,3,1,2,3,2,2,4,2,4,2
772,2,1,3,3,3,1,1,1,1,2,4,2,1,3,1,4,3,1,1,1,4,1,1,1,3,1,1,3,1,4,1
773,2,1,2,3,4,1,1,2,1,2,2,1,2,2,2,4,3,1,2,1,2,2,1,2,3,2,1,1,2,3,2
778,2,1,1,3,4,2,1,2,1,1,2,1,1,2,1,4,2,1,4,2,3,3,1,1,2,2,2,3,1,4,1
779,2,1,2,3,3,2,1,2,1,2,3,2,2,3,2,4,2,2,1,1,4,1,2,1,2,2,2,2,2,3,2
781,2,1,2,4,4,2,1,1,1,2,2,1,2,3,2,3,3,2,3,2,2,3,1,1,2,2,3,2,1,2,2
783,2,1,3,3,3,3,3,3,1,4,2,3,3,2,2,3,1,2,2,3,2,4,3,3,1,3,4,4,2,3,2
784,2,1,3,4,4,1,2,2,4,3,3,3,4,4,3,4,4,3,3,3,4,4,2,3,4,3,1,3,2,4,2
786,2,1,1,4,3,1,1,1,2,1,4,1,1,2,1,4,1,1,1,1,3,1,1,1,1,1,2,1,1,4,1
790,2,1,1,3,4,1,1,1,1,1,4,1,2,3,3,3,1,2,2,2,4,3,1,1,2,2,1,3,1,2,3
791,2,1,1,4,3,1,1,1,4,1,4,1,4,2,1,4,1,1,1,1,4,2,2,2,4,1,1,2,4,4,1
794,2,1,2,3,3,2,1,1,2,2,2,1,2,2,2,3,2,2,2,1,3,1,1,1,1,1,3,2,1,4,1
795,2,1,3,4,3,2,1,1,2,2,4,1,3,3,2,2,2,1,1,1,3,1,1,2,2,1,3,3,3,3,1
796,2,1,1,3,2,1,1,1,1,1,3,1,1,2,1,3,1,1,1,1,3,1,1,1,2,2,1,1,1,3,1
799,2,1,1,2,3,1,1,1,1,1,3,3,1,3,3,4,4,1,1,1,3,2,1,1,3,1,2,2,1,3,1
801,2,1,1,3,4,1,1,2,1,1,4,2,1,3,1,4,2,1,1,1,4,1,1,1,1,1,1,2,1,4,1
806,2,1,2,2,3,3,1,2,2,3,2,2,3,3,3,3,2,3,2,2,2,4,2,2,2,3,3,3,3,2,2
807,2,1,2,4,4,1,1,2,1,2,3,1,1,2,2,3,2,1,2,1,2,2,2,2,3,2,2,3,1,3,2
808,2,1,4,1,1,1,3,4,1,3,1,4,4,4,1,4,4,4,1,3,1,4,4,4,1,1,4,4,3,4,1
809,2,1,2,3,4,1,1,1,1,1,3,2,2,2,1,3,3,2,1,3,3,1,1,1,1,1,3,1,1,3,1
811,2,1,1,4,4,2,1,2,1,2,3,4,3,1,3,4,2,2,1,1,2,3,1,1,2,2,3,2,2,4,1
812,2,1,3,3,3,1,1,1,1,3,3,3,3,3,2,4,4,1,4,2,3,3,1,1,1,3,1,4,1,4,1
813,2,1,1,2,3,2,1,1,2,2,2,2,1,2,2,4,2,2,4,2,3,2,1,1,2,2,2,2,1,2,1
815,2,1,2,3,4,1,1,1,1,1,3,1,2,3,2,4,1,1,1,2,4,1,2,1,1,2,1,3,1,4,1
816,2,1,3,2,2,2,1,2,1,3,3,2,2,3,2,3,2,2,2,1,3,3,2,2,2,2,2,2,2,3,2
817,2,1,3,3,4,2,1,3,1,3,1,1,3,3,3,3,3,3,1,2,3,2,2,3,3,3,2,3,1,3,3
821,2,1,3,4,2,3,1,2,2,4,1,3,2,3,1,1,3,3,1,2,2,1,1,3,3,1,2,2,3,2,2
823,2,1,2,3,2,1,2,2,1,1,2,4,3,4,3,4,3,2,3,2,3,3,2,1,1,3,3,2,2,1,1
824,2,1,1,3,3,1,1,1,1,1,4,1,1,1,1,2,3,1,1,2,4,1,1,1,1,1,1,2,1,4,1
825,2,1,1,3,1,1,1,1,1,1,2,1,1,3,1,4,1,1,1,1,4,1,1,1,1,1,1,1,1,4,1
826,2,1,3,4,3,1,1,4,1,2,1,3,3,3,3,3,3,3,2,1,2,4,2,3,2,3,2,4,3,4,3
828,2,1,1,4,2,2,1,1,1,1,3,2,2,3,2,4,3,1,3,1,3,1,1,1,2,1,2,2,1,3,1
829,2,1,2,3,3,1,1,1,1,2,2,3,3,4,3,4,4,2,3,2,2,3,1,1,2,2,2,2,2,1,2
831,2,1,1,2,4,1,1,1,1,1,3,1,2,4,1,4,2,1,4,2,4,3,1,2,2,2,3,3,1,3,1
834,2,1,4,4,4,1,1,1,1,2,3,2,1,3,3,4,1,1,1,3,2,2,1,1,1,2,1,3,1,4,1
835,2,1,1,4,4,1,1,2,3,2,3,1,2,2,1,3,1,1,3,1,3,1,1,1,1,1,2,3,1,2,1
836,2,1,1,3,3,1,1,1,2,2,2,1,1,2,2,4,2,1,2,1,3,1,1,1,3,1,2,2,2,2,1
838,2,1,2,3,3,2,1,1,1,2,2,1,2,2,2,3,1,1,2,3,3,3,1,1,2,3,2,3,3,3,2
839,2,1,2,2,3,2,1,1,1,2,3,2,2,3,3,3,2,3,2,2,2,3,1,1,2,3,3,2,1,3,1
842,2,1,3,2,4,3,1,1,3,1,4,1,1,1,1,1,1,3,3,3,4,3,1,1,3,3,3,2,4,2,3
843,2,1,1,3,1,3,1,1,2,1,3,1,2,2,1,3,2,2,1,2,2,3,1,1,2,2,2,1,3,3,1
844,2,1,3,3,4,3,1,1,1,1,2,1,3,3,3,4,3,3,3,1,2,1,2,2,3,3,3,2,3,4,4
845,2,1,2,4,4,3,1,1,3,2,3,2,2,3,1,4,1,2,2,1,3,1,1,1,3,1,3,2,1,3,1
846,2,1,1,3,4,1,1,2,1,1,3,2,3,3,3,4,3,2,4,1,4,3,2,3,3,3,2,4,3,3,3
850,2,1,3,2,4,1,1,2,1,1,2,3,3,4,4,4,3,2,2,2,3,3,1,3,3,2,2,3,1,1,2
852,2,1,1,3,1,1,1,2,1,2,4,1,2,2,1,4,1,2,1,1,4,1,1,1,3,1,1,1,3,4,1
854,2,1,3,2,4,1,1,3,2,3,3,1,4,3,3,4,2,1,3,1,2,1,2,1,1,1,3,3,1,4,1
855,2,1,2,3,4,1,1,1,1,1,2,2,1,2,4,4,3,1,2,2,3,4,3,2,1,3,2,3,3,3,1
856,2,1,3,4,4,2,1,1,1,4,2,1,3,2,2,4,1,3,3,1,3,3,1,2,2,2,3,4,2,2,1
857,2,1,1,3,2,2,1,1,3,2,2,2,2,1,1,4,2,3,3,2,2,2,1,1,1,1,3,2,3,3,1
859,2,1,2,2,4,2,1,2,1,2,1,4,3,4,3,4,4,4,4,2,1,3,1,2,1,2,2,2,1,4,1
860,2,1,1,2,3,1,1,1,1,1,3,3,1,3,2,4,2,1,1,1,3,2,2,2,3,2,2,3,3,3,2
861,2,1,4,3,3,2,1,3,1,3,1,3,4,1,3,4,3,3,3,1,1,1,1,3,2,1,4,2,3,2,1
862,2,1,3,2,4,1,1,2,1,3,2,2,2,3,3,3,3,2,2,1,3,3,1,3,3,3,2,3,4,3,2
863,2,1,2,3,4,2,1,1,2,3,4,3,2,3,2,3,2,2,3,1,2,1,3,1,3,1,1,1,1,4,3
865,2,1,3,4,4,1,1,1,1,2,3,1,1,2,3,3,1,1,1,1,3,1,1,1,1,1,1,3,2,3,1
869,2,1,1,4,4,4,1,1,1,1,4,1,1,1,1,4,2,3,3,1,1,1,2,1,1,1,4,1,1,4,1
871,2,1,2,2,4,2,1,3,1,1,3,1,3,4,1,4,2,3,1,1,4,1,2,1,4,1,3,3,2,3,1
872,2,1,3,2,3,2,1,2,1,1,1,2,2,2,3,4,3,3,2,1,2,1,2,3,2,1,2,3,2,1,1
876,2,1,3,3,4,1,1,1,1,3,2,3,3,3,2,3,2,3,1,3,2,3,1,1,3,2,3,3,2,4,1
879,2,1,2,3,3,2,3,3,4,2,3,1,3,2,2,3,2,2,2,1,2,2,1,3,2,2,2,1,2,3,1
880,2,1,2,2,3,3,1,2,2,2,2,2,1,3,3,3,2,2,1,1,3,1,1,2,3,1,3,3,3,2,1
881,2,1,1,4,4,1,1,1,1,2,3,3,4,2,4,4,3,1,1,3,2,3,1,1,1,3,1,1,1,4,1
883,2,1,1,3,3,1,1,3,1,2,3,2,1,4,4,4,2,1,3,3,3,3,3,3,1,3,2,3,1,1,2
884,2,1,1,3,4,1,1,1,1,2,4,2,2,4,1,3,3,1,2,2,3,1,1,1,2,1,2,2,1,3,1
885,2,1,1,4,4,1,1,1,1,1,4,2,1,1,2,4,2,2,1,2,2,2,1,1,2,1,4,4,4,2,1
886,2,1,1,4,3,2,1,1,1,1,3,1,2,3,1,3,1,1,2,1,3,1,1,1,2,1,1,2,3,4,2
887,2,1,1,2,2,1,1,1,1,1,4,1,1,1,1,3,3,1,1,2,4,1,1,1,1,1,1,1,1,3,2
888,2,1,4,1,4,1,1,3,1,1,3,2,4,3,4,4,3,2,3,1,3,2,1,2,3,1,2,4,1,3,1
889,2,1,2,3,2,2,1,2,1,2,3,1,3,1,4,4,1,2,3,2,2,2,3,3,1,2,2,3,2,3,1
892,2,1,2,4,4,1,1,1,1,1,3,1,1,3,1,4,3,1,1,1,4,4,1,1,1,1,1,1,1,4,1
894,2,1,2,3,3,1,1,2,1,3,3,2,1,3,2,3,3,2,2,2,2,3,2,2,3,2,2,2,1,3,1
895,2,1,1,3,1,2,1,1,1,1,2,1,3,2,1,3,3,2,3,1,3,2,1,1,3,3,4,3,2,4,3
900,2,1,1,3,2,1,1,1,1,2,3,1,2,3,1,2,1,1,1,2,3,1,1,1,1,1,1,2,3,4,1
901,2,1,1,3,1,1,1,2,1,1,4,1,2,3,2,4,3,1,1,1,3,1,1,1,1,1,2,2,1,4,1
902,2,1,1,4,4,1,1,1,1,1,4,1,1,1,1,3,2,1,3,3,3,3,2,2,2,2,2,3,1,3,2
903,2,1,3,3,4,1,1,2,1,1,4,2,3,3,1,4,4,1,2,2,4,2,1,2,1,1,1,2,3,3,1
904,2,1,1,3,3,1,1,2,1,1,3,2,2,3,2,3,2,2,3,1,3,1,1,1,2,1,1,2,2,3,2
905,2,1,3,3,4,1,1,2,1,1,3,3,1,3,2,4,3,1,1,1,4,1,3,1,2,1,1,2,4,2,1
907,2,1,2,4,4,1,1,1,1,1,3,2,1,3,4,4,4,2,4,3,4,4,1,2,3,3,1,3,1,4,1
908,2,1,1,3,3,1,1,1,1,1,3,1,2,3,1,3,1,1,1,2,3,1,1,1,2,2,1,2,1,2,1
910,2,1,3,4,4,1,1,2,1,3,3,3,4,3,4,4,3,1,3,3,4,2,1,3,1,3,2,3,2,3,4
911,2,1,3,4,4,1,1,1,1,4,3,1,3,4,3,4,4,2,1,1,4,4,1,2,2,4,2,4,2,3,2
915,2,1,3,4,4,2,1,1,1,1,2,2,3,3,4,4,2,2,2,1,4,2,1,2,2,2,2,3,1,3,1
916,2,1,3,3,3,2,1,1,1,1,3,2,2,3,2,4,1,1,1,1,4,1,1,3,2,1,2,2,1,4,1
917,2,1,1,3,3,2,1,2,1,1,2,3,3,2,3,3,3,2,3,3,4,1,1,1,2,1,2,3,2,2,2
919,2,1,1,4,4,1,1,1,1,1,3,1,1,1,1,3,1,1,2,1,4,3,1,1,2,1,2,1,1,3,1
923,2,1,1,3,4,1,1,1,1,1,3,1,2,2,1,3,1,2,1,1,3,1,1,1,1,1,2,2,1,4,1
925,2,1,2,2,3,1,2,3,1,2,1,4,2,3,4,3,4,3,4,4,2,3,2,2,3,3,2,2,2,1,2
927,2,1,3,3,3,1,1,3,1,3,2,2,4,3,4,3,2,4,4,1,3,1,2,3,4,1,3,4,3,3,1
928,2,1,1,4,3,1,2,1,1,3,3,2,1,2,1,4,3,3,1,1,4,2,3,1,2,2,3,3,1,2,1
932,2,1,3,3,2,3,1,1,2,1,4,3,2,3,4,4,3,2,3,1,3,1,3,1,2,1,2,4,1,1,3
934,2,1,1,3,3,1,1,2,1,1,3,3,2,3,3,4,3,1,3,1,3,1,1,2,2,1,3,3,2,3,1
936,2,1,1,2,3,1,1,2,1,1,2,2,2,3,2,3,2,2,3,2,4,3,1,1,3,2,1,2,2,3,1
937,2,1,1,3,3,1,1,1,1,1,3,1,1,2,1,3,2,2,2,2,4,1,1,1,1,1,2,1,2,2,1
938,2,1,4,3,3,1,1,3,1,2,1,3,4,3,1,4,1,3,3,1,2,1,1,3,2,1,3,3,3,4,1
939,2,1,1,2,3,2,1,2,3,2,2,2,2,2,3,4,3,2,3,1,3,1,1,1,2,1,2,3,3,3,1
941,2,1,1,3,4,2,1,1,1,1,3,1,2,4,4,4,3,2,2,1,2,2,1,1,3,2,2,2,1,2,1
943,2,1,2,3,3,2,1,2,1,1,3,1,2,3,2,4,3,1,2,2,3,1,2,1,3,1,1,3,1,4,3
945,2,1,1,3,4,1,1,2,1,1,3,2,2,3,2,4,3,1,1,1,3,2,1,1,2,2,3,2,1,4,1
946,2,1,1,3,3,2,1,2,1,2,3,1,2,2,1,4,2,1,1,1,4,3,1,1,1,2,3,3,2,3,1
947,2,1,2,3,3,3,3,3,1,2,2,2,2,2,2,2,3,2,2,1,3,3,3,3,2,3,2,3,3,3,3
949,2,1,1,3,2,2,1,1,1,2,1,2,1,2,3,3,3,3,2,1,2,1,1,1,2,1,2,2,2,3,1
951,2,1,4,3,4,1,2,3,1,1,2,3,4,2,2,4,3,2,1,1,3,4,1,2,3,2,1,4,1,4,1
952,2,1,1,3,2,1,1,1,1,1,3,1,1,1,1,2,3,1,1,1,4,1,1,1,1,1,1,1,1,4,1
953,2,1,1,3,4,1,1,1,1,1,3,3,3,4,2,4,3,1,1,1,3,3,1,1,3,3,1,3,1,3,3
955,2,1,2,3,4,1,1,2,2,2,3,2,2,2,2,4,1,2,4,1,3,3,1,2,1,3,2,2,2,3,1
956,2,1,2,3,4,1,1,2,1,1,4,1,2,2,3,4,1,1,1,1,3,1,1,1,1,1,3,1,2,4,1
958,2,1,1,3,4,1,1,1,1,1,3,1,1,1,1,4,1,1,1,2,4,1,1,1,1,1,1,1,1,4,1
961,2,1,2,4,3,1,2,2,1,3,3,3,2,3,2,4,3,2,3,2,4,2,2,2,3,2,2,1,3,3,2
965,2,1,1,3,3,1,1,1,1,1,3,1,1,1,1,3,1,1,4,1,2,1,1,1,1,1,1,1,1,1,3
966,2,1,2,3,4,1,1,2,1,1,2,1,2,3,3,3,3,2,4,2,2,2,1,1,1,3,3,3,1,3,3
968,2,1,1,2,3,1,1,2,1,1,3,2,2,2,1,4,3,2,2,3,4,1,2,1,1,1,1,2,1,3,3
972,2,1,1,3,3,1,1,1,1,1,3,2,2,2,1,3,1,2,2,2,2,2,2,1,1,2,2,2,2,3,2
973,2,1,1,3,4,1,1,1,1,1,4,1,1,1,2,4,2,1,1,1,4,2,1,1,1,1,1,1,1,4,2
975,2,1,4,4,3,2,1,4,1,3,3,2,4,2,2,3,2,2,2,2,3,2,3,4,2,1,2,4,4,4,2
978,2,1,1,2,2,2,2,3,2,2,4,2,3,1,1,4,2,3,4,1,3,1,1,2,3,1,3,2,3,3,2
979,2,1,3,3,3,1,1,3,1,3,2,4,2,3,3,4,2,1,3,3,2,4,3,3,1,3,2,3,4,4,4
981,2,1,2,3,4,2,1,1,2,3,2,2,2,1,3,4,2,2,4,2,2,3,1,2,1,3,3,1,1,2,2
983,2,1,2,3,1,1,1,1,1,2,4,1,2,4,4,3,3,1,2,2,2,1,1,1,1,1,2,1,3,3,1
984,2,1,2,3,2,1,1,1,2,1,2,2,3,2,2,4,2,2,1,1,3,1,1,1,2,1,1,1,2,3,1
987,2,1,1,2,3,3,1,1,1,1,3,1,1,1,1,3,2,1,1,1,4,1,1,1,1,1,2,1,1,4,3
988,2,1,1,3,3,2,1,1,1,1,2,1,1,2,1,3,2,2,2,3,4,1,1,1,1,1,1,1,1,3,1
991,2,1,3,3,4,2,1,2,1,2,3,2,3,2,3,4,3,2,2,1,4,4,2,1,2,4,1,4,2,3,1
992,2,1,1,3,2,1,1,1,2,1,2,2,1,2,2,2,2,2,1,2,2,1,2,2,2,1,1,2,1,2,1
994,2,1,3,3,4,1,1,2,1,1,3,1,2,3,2,4,3,1,3,3,4,4,1,1,1,4,2,4,1,4,2
995,2,1,2,3,3,1,1,1,1,2,2,4,2,1,3,4,3,2,3,1,2,3,1,1,2,1,1,3,2,2,2
996,2,1,1,3,3,2,1,1,1,1,4,1,2,1,1,4,2,1,3,4,2,1,1,1,2,1,2,1,2,4,1
999,2,1,3,3,4,1,1,2,1,3,3,3,2,3,2,3,3,2,1,2,3,3,2,3,2,3,3,4,3,3,3
1000,2,1,1,4,3,1,1,1,1,1,2,1,1,1,1,4,3,1,1,1,4,1,1,1,1,1,1,1,1,3,1
1001,2,1,3,3,4,1,1,4,3,3,3,1,3,4,4,4,3,2,3,2,3,4,2,4,4,4,2,4,3,3,3
23,2,2,3,4,4,2,1,1,1,4,3,1,3,4,2,2,4,2,1,1,2,1,3,3,1,1,3,1,3,2,1
42,2,2,3,2,3,3,1,1,1,2,3,1,1,4,1,4,2,2,2,2,1,2,1,1,1,1,2,3,1,3,1
43,2,2,3,3,3,2,1,1,3,2,3,1,2,2,2,4,3,2,3,1,3,1,1,1,1,1,3,2,2,3,3
51,2,2,4,2,4,1,1,4,1,3,3,2,3,3,3,4,2,1,3,1,4,1,2,4,4,1,2,4,2,3,4
56,2,2,3,4,4,2,1,3,3,3,3,3,3,2,2,4,3,3,2,3,3,3,3,3,3,1,3,4,4,3,3
57,2,2,1,3,3,2,1,3,1,3,2,2,3,2,3,3,3,2,2,1,1,1,1,2,1,1,1,3,4,4,2
62,2,2,1,3,2,3,2,2,2,2,2,2,3,2,2,2,2,3,2,4,3,2,2,2,3,2,3,3,2,3,2
65,2,2,2,3,3,2,1,3,1,2,3,4,3,2,2,4,2,2,3,2,3,2,2,2,2,2,2,2,3,4,2
68,2,2,4,3,4,4,2,4,1,4,3,4,2,4,2,3,4,3,4,4,1,4,3,4,4,3,2,4,4,4,4
69,2,2,2,3,3,3,1,3,1,3,2,3,3,3,3,3,2,2,2,2,2,2,3,3,2,2,3,3,3,3,2
76,2,2,3,2,3,1,2,3,2,3,4,3,4,3,4,4,4,4,3,1,4,2,2,4,4,2,2,4,3,4,2
77,2,2,2,3,3,2,1,2,2,2,3,1,1,3,2,1,2,2,1,3,3,1,1,1,2,1,3,2,4,4,1
81,2,2,3,3,4,2,1,2,2,4,1,3,3,2,4,3,3,4,4,1,3,2,1,3,1,1,3,3,3,3,1
82,2,2,4,3,2,1,1,2,2,2,2,2,2,3,2,4,4,3,1,1,2,1,2,3,1,1,3,2,3,2,1
84,2,2,4,2,4,2,1,2,2,2,2,2,3,2,2,4,3,2,1,3,3,3,1,3,2,3,2,3,3,4,1
86,2,2,1,3,3,1,2,2,1,2,2,3,4,3,2,1,2,2,4,1,3,2,2,2,4,2,3,2,3,3,1
90,2,2,2,3,2,2,1,3,1,3,3,3,2,3,1,3,3,3,1,1,2,1,2,2,3,1,2,3,4,2,1
91,2,2,3,2,2,1,1,2,1,3,3,2,2,3,4,4,3,1,3,2,4,2,2,4,3,2,2,4,2,2,2
92,2,2,2,3,3,2,2,3,2,2,3,2,2,2,2,3,2,3,3,2,2,2,2,2,2,2,4,4,3,1,3
96,2,2,4,3,3,1,3,3,1,2,3,4,3,4,2,4,3,2,3,3,3,3,2,4,4,2,2,3,2,3,3
101,2,2,3,2,2,3,2,3,2,2,3,2,2,2,2,3,2,2,3,2,3,3,2,2,2,3,3,3,3,3,3
103,2,2,3,4,4,3,3,2,2,3,2,3,4,4,4,1,3,3,4,3,1,3,3,3,4,3,4,3,3,1,3
105,2,2,4,3,4,1,1,4,1,3,4,2,3,4,4,1,3,1,3,3,4,3,3,2,3,3,2,4,1,2,2
108,2,2,3,3,4,1,2,3,1,3,2,3,3,3,2,3,2,3,1,1,2,2,1,3,3,1,2,4,3,4,2
110,2,2,2,4,3,1,2,3,2,3,2,1,2,1,3,2,2,2,3,2,2,2,1,2,2,2,3,2,3,4,3
111,2,2,2,3,2,3,3,3,2,2,4,2,3,2,3,3,3,2,2,3,3,2,3,3,1,1,2,2,2,2,1
119,2,2,2,3,4,1,2,3,1,4,1,3,2,1,3,3,4,4,1,1,2,3,1,2,1,1,3,2,4,2,1
120,2,2,3,3,3,1,3,4,4,4,2,3,4,2,4,2,3,3,1,4,2,2,3,3,3,3,2,4,3,4,1
123,2,2,3,3,4,4,3,4,1,3,1,2,3,2,4,3,4,4,3,2,3,4,3,3,3,3,3,3,3,3,4
125,2,2,4,2,3,2,1,3,1,3,3,3,3,3,3,3,3,2,3,1,1,1,2,2,2,1,3,3,3,2,1
128,2,2,1,3,2,2,1,2,1,1,2,1,1,1,2,2,2,1,1,1,2,1,1,1,1,1,3,1,1,3,1
130,2,2,4,2,3,3,1,2,3,3,1,2,2,3,2,3,2,1,4,1,3,1,2,2,2,1,4,2,3,3,3
136,2,2,3,4,4,2,1,4,2,3,1,3,2,1,2,2,3,3,3,2,1,4,1,1,3,1,4,4,4,2,2
140,2,2,4,4,4,2,1,4,3,2,3,1,2,3,4,4,3,2,1,1,3,1,1,3,3,1,3,3,1,2,1
145,2,2,3,3,3,1,1,1,2,2,4,1,1,3,1,4,1,1,1,1,4,3,1,2,1,1,1,1,1,3,1
146,2,2,2,3,3,2,1,1,2,1,3,2,2,3,1,3,3,2,2,2,3,3,1,1,2,3,3,1,1,3,2
147,2,2,2,3,4,1,2,2,2,3,2,1,4,4,4,3,3,2,4,3,2,1,1,1,3,1,3,4,4,2,1
148,2,2,1,4,3,2,1,2,2,2,3,1,1,1,2,4,1,1,3,1,3,1,1,1,1,1,2,2,2,2,1
151,2,2,4,4,4,3,1,3,2,3,2,1,3,3,2,4,1,1,3,2,4,4,3,1,1,2,4,1,4,1,1
159,2,2,3,3,2,2,1,3,4,2,2,2,2,3,2,2,1,2,4,3,2,3,1,2,2,2,3,3,3,1,1
162,2,2,3,2,4,2,2,3,1,4,2,3,4,3,3,4,2,3,3,1,3,2,4,4,3,1,2,4,1,3,1
165,2,2,3,3,4,2,2,2,1,2,4,3,2,4,4,4,3,2,4,1,3,1,3,3,4,2,2,3,3,2,3
166,2,2,1,4,3,2,1,3,1,1,4,2,2,1,3,3,2,1,3,1,2,1,1,1,3,1,3,3,2,4,2
172,2,2,2,3,4,2,1,1,1,3,2,3,1,2,4,3,4,2,4,3,3,4,1,1,3,4,4,4,4,1,4
174,2,2,3,1,4,1,2,2,2,4,2,4,4,3,3,4,3,3,2,2,1,4,1,3,1,3,3,3,2,3,1
181,2,2,3,2,3,3,1,2,1,3,2,3,2,3,3,3,4,4,4,1,2,3,2,3,3,2,4,4,3,3,1
182,2,2,1,3,3,2,1,2,1,1,3,2,2,3,3,3,3,2,2,2,3,2,2,2,3,2,3,3,3,4,2
193,2,2,3,3,3,1,1,3,1,3,2,3,2,2,2,4,3,2,3,2,3,2,1,2,2,3,3,2,2,3,1
194,2,2,2,2,2,2,1,2,1,1,2,1,2,2,2,1,3,2,4,2,2,2,2,1,2,2,3,2,2,1,3
195,2,2,2,1,3,1,1,2,3,2,3,2,2,3,3,3,2,2,2,2,3,2,3,2,3,2,2,2,2,3,2
197,2,2,3,3,4,4,3,3,1,3,2,3,3,3,3,3,3,3,4,2,2,3,1,3,3,3,4,3,3,3,2
199,2,2,2,3,3,2,1,1,4,2,2,1,3,2,1,4,1,2,1,2,3,2,2,1,2,1,3,2,1,3,1
200,2,2,1,3,2,1,1,1,2,1,2,3,1,2,2,2,3,1,2,2,3,4,1,1,2,2,3,2,2,2,1
204,2,2,2,2,2,2,1,2,1,2,3,1,2,3,1,4,1,2,1,1,2,1,1,1,3,1,3,2,4,3,1
206,2,2,2,2,3,1,2,2,1,2,2,3,3,2,2,4,3,2,2,1,3,3,2,3,3,2,3,3,2,2,2
208,2,2,2,1,2,2,1,4,1,4,2,4,4,2,3,3,3,1,2,3,2,2,1,2,1,3,3,4,4,4,1
211,2,2,1,3,2,1,1,1,1,3,2,1,1,3,1,2,1,1,1,1,3,1,1,1,1,1,2,1,2,1,1
219,2,2,2,2,3,3,2,2,2,1,3,2,3,3,2,4,3,2,3,3,3,3,2,1,3,2,3,4,4,2,2
220,2,2,2,3,3,1,1,2,1,3,4,2,1,1,2,4,2,1,1,1,3,1,1,1,2,1,2,2,2,3,1
225,2,2,3,2,3,2,1,1,1,2,3,2,2,3,2,4,3,1,3,3,3,3,1,2,2,2,2,2,2,3,2
226,2,2,4,3,3,2,1,2,1,2,1,4,3,3,2,3,4,2,4,1,2,2,2,3,3,1,2,3,3,1,2
238,2,2,2,2,3,2,2,3,2,2,2,3,3,3,2,2,2,2,2,2,2,3,2,2,3,2,3,3,3,3,3
240,2,2,3,3,4,2,1,3,1,3,3,3,4,3,3,4,3,3,1,4,1,4,2,3,1,4,2,1,1,4,1
247,2,2,3,2,3,1,1,3,1,2,3,1,3,4,2,4,2,3,2,1,3,2,2,3,2,1,3,2,3,3,1
248,2,2,2,3,4,1,1,1,1,2,3,1,3,2,3,4,2,3,1,3,4,3,1,2,2,2,2,2,1,3,3
251,2,2,3,3,4,2,2,3,1,3,2,4,3,3,3,3,4,3,4,2,2,3,2,2,3,2,3,4,3,2,2
252,2,2,3,3,3,2,2,3,2,2,3,3,3,2,2,4,3,2,3,1,3,3,1,2,2,2,3,3,2,2,3
253,2,2,4,3,2,3,1,3,4,3,2,1,2,2,1,2,2,2,2,1,2,1,3,3,1,1,3,3,1,1,2
257,2,2,2,2,3,3,1,3,1,1,3,3,2,2,2,3,2,3,2,2,4,2,1,2,3,1,2,3,3,3,3
262,2,2,1,3,4,2,1,1,1,3,1,2,2,3,1,2,3,4,4,1,2,1,1,1,3,1,4,2,4,4,1
264,2,2,2,4,4,1,1,2,2,2,2,1,3,3,1,4,2,2,1,1,3,1,1,1,2,1,2,1,1,3,1
274,2,2,2,4,3,2,1,3,1,2,3,3,3,3,3,3,3,2,2,2,3,1,3,2,2,1,3,3,3,3,2
275,2,2,1,2,3,2,2,3,2,3,3,1,2,3,1,2,2,2,3,2,2,1,1,1,1,1,3,2,4,3,2
277,2,2,1,4,4,3,1,2,1,3,4,1,1,3,3,3,4,1,4,1,2,1,2,1,1,1,3,1,2,3,1
279,2,2,3,4,4,3,1,2,3,3,3,2,2,2,2,2,2,2,2,3,2,2,2,3,2,2,3,2,1,2,1
281,2,2,3,2,3,2,1,2,1,2,2,1,2,3,3,3,3,3,2,1,2,2,1,2,2,1,2,2,3,3,1
283,2,2,2,3,3,1,1,2,2,2,2,1,2,2,2,3,2,2,2,1,3,1,2,1,2,1,2,2,2,2,2
288,2,2,3,3,4,3,2,3,2,3,1,2,3,1,3,4,1,1,2,3,1,1,1,2,2,1,4,4,3,3,3
290,2,2,3,3,3,1,1,3,1,1,3,2,2,3,3,4,3,2,3,2,3,2,1,2,3,2,2,2,2,3,2
298,2,2,3,3,4,3,1,4,2,3,1,4,2,3,3,3,3,4,3,2,2,2,1,2,3,1,3,4,2,2,3
302,2,2,1,3,3,2,1,2,1,3,2,1,3,2,3,4,2,2,1,3,3,4,2,1,2,3,3,2,4,3,2
304,2,2,3,2,1,1,1,1,1,1,2,3,2,3,1,4,3,1,1,1,3,2,2,3,2,2,2,3,2,2,1
311,2,2,3,2,3,2,1,2,2,4,3,3,3,3,3,3,3,2,1,1,2,2,2,3,2,1,2,3,2,3,2
313,2,2,3,3,3,3,1,2,1,2,3,2,4,3,2,4,1,2,1,2,2,2,2,2,2,2,3,3,3,2,1
315,2,2,2,3,4,2,1,3,1,2,3,1,2,2,2,4,4,2,4,2,1,3,2,2,2,3,3,2,3,3,1
318,2,2,3,3,4,3,1,1,2,2,2,1,2,2,4,3,3,3,3,2,2,2,3,4,2,2,3,3,2,1,3
328,2,2,1,3,3,3,1,1,1,3,3,2,3,3,2,4,2,1,3,1,2,3,1,1,1,2,2,3,1,3,1
331,2,2,1,4,2,1,1,1,1,1,3,1,2,1,1,2,2,1,1,3,2,3,1,1,1,1,2,3,3,2,1
340,2,2,2,2,3,2,1,1,1,1,3,3,2,4,1,4,1,2,1,3,4,3,1,1,3,3,1,1,1,3,1
352,2,2,1,4,4,4,1,3,1,1,3,1,3,2,1,4,2,3,1,1,3,1,1,1,2,1,4,1,1,1,1
353,2,2,1,2,2,1,1,2,3,3,1,1,2,3,1,3,3,2,1,2,3,2,1,1,2,1,3,3,3,2,1
354,2,2,3,3,3,2,2,2,3,2,3,3,3,2,2,4,2,1,2,2,2,2,1,2,2,2,3,3,2,3,1
356,2,2,3,3,3,1,1,2,1,1,2,1,2,2,1,4,2,1,1,1,3,2,1,1,1,1,2,1,1,3,2
361,2,2,3,4,3,3,1,2,1,2,4,3,3,3,3,4,4,2,2,1,4,1,1,1,2,1,2,2,1,3,2
363,2,2,2,3,3,2,1,2,1,3,3,1,3,3,3,3,2,1,4,2,3,4,1,3,3,3,2,3,2,2,3
370,2,2,3,2,2,3,1,3,3,3,2,3,2,3,3,3,2,3,3,2,2,2,2,3,3,2,3,3,3,1,1
376,2,2,3,3,2,3,1,2,1,3,1,3,2,3,2,3,3,3,2,1,2,1,1,1,3,1,3,3,2,3,1
384,2,2,2,3,3,2,3,2,4,3,2,2,3,3,3,2,2,3,2,2,3,2,2,3,3,2,3,2,2,3,3
393,2,2,1,3,4,3,1,1,3,3,1,1,1,2,1,2,1,2,1,1,2,1,1,1,1,1,3,1,1,3,1
400,2,2,1,4,1,3,1,1,1,4,1,1,1,3,1,3,1,4,4,1,1,1,1,1,1,1,3,1,3,1,1
406,2,2,2,3,3,2,1,3,3,1,2,2,1,2,4,2,3,2,1,1,1,2,1,2,3,2,3,3,4,2,1
409,2,2,3,2,3,3,1,3,4,2,3,3,2,3,3,2,3,2,3,3,3,2,2,3,3,1,3,3,4,3,3
416,2,2,1,2,3,1,1,1,4,4,1,2,3,3,2,4,3,4,3,2,3,2,4,3,3,3,2,3,3,2,2
418,2,2,3,3,3,2,1,1,1,2,4,1,3,2,1,4,4,1,4,3,2,3,2,1,3,1,2,2,1,2,2
421,2,2,1,3,2,2,1,1,1,1,2,1,2,2,2,3,3,2,1,2,3,1,1,1,2,1,2,1,1,2,1
423,2,2,3,2,3,2,1,1,3,3,3,1,3,3,3,2,3,2,2,3,3,1,2,3,3,1,3,2,3,2,1
427,2,2,3,4,4,1,1,2,1,2,2,2,2,3,3,4,2,3,3,2,3,1,2,1,2,1,2,4,4,2,3
429,2,2,1,4,2,2,1,1,2,3,1,1,2,1,2,1,1,3,2,3,3,3,1,1,1,2,4,1,4,4,1
433,2,2,1,4,3,2,2,4,2,3,2,3,2,2,2,3,3,2,3,2,3,2,2,1,1,2,2,2,2,2,2
435,2,2,3,2,3,1,1,3,1,3,3,1,3,3,3,3,2,3,3,3,2,3,3,3,1,3,2,3,3,3,1
438,2,2,1,3,2,1,1,2,1,1,3,1,2,3,1,3,2,2,2,1,3,2,1,1,2,1,2,3,1,3,2
442,2,2,3,3,4,3,1,3,1,3,1,3,3,3,2,4,2,3,3,3,1,3,3,3,3,3,2,4,2,4,2
449,2,2,2,3,3,1,1,1,1,2,4,1,2,2,2,4,3,2,1,1,4,1,1,1,1,1,2,1,2,3,1
451,2,2,2,3,3,1,1,1,1,2,4,1,2,2,2,4,3,2,1,1,4,1,1,1,1,1,2,1,2,3,1
454,2,2,3,4,3,3,1,2,1,3,2,3,3,1,3,3,2,2,3,1,2,1,1,2,2,1,3,3,3,4,1
456,2,2,3,3,3,1,1,1,1,1,4,2,3,3,1,4,1,2,1,2,3,3,1,1,3,2,2,1,1,3,2
458,2,2,2,4,4,2,4,3,1,2,2,3,3,3,3,4,3,3,2,3,4,4,2,3,4,4,3,3,2,3,2
460,2,2,4,3,1,3,1,4,2,4,3,3,1,3,2,4,2,1,1,2,3,4,3,4,2,3,3,3,1,2,1
463,2,2,2,3,3,1,1,1,1,1,3,1,2,3,1,4,3,1,1,1,4,1,1,1,2,1,2,1,2,3,1
466,2,2,2,3,2,1,1,1,1,2,4,1,1,3,1,4,3,2,2,3,4,3,1,1,2,2,1,1,1,3,1
467,2,2,1,3,3,3,1,1,2,3,2,2,3,3,2,3,3,1,2,1,3,1,2,1,2,1,3,2,3,3,1
469,2,2,2,4,4,2,1,2,2,2,3,2,2,2,2,3,2,2,3,1,3,2,2,2,2,1,2,4,3,3,1
474,2,2,2,2,3,3,2,2,2,3,2,3,2,2,3,2,2,1,2,2,2,2,3,2,2,2,1,2,2,2,2
477,2,2,2,2,4,2,1,2,1,1,2,1,3,3,3,4,3,4,4,2,4,2,1,1,2,1,2,4,2,3,1
485,2,2,3,3,4,1,1,2,1,1,3,4,4,4,4,4,4,1,2,1,2,3,2,1,1,2,3,4,1,3,1
486,2,2,2,3,3,3,3,3,2,2,1,4,3,2,3,2,4,4,2,2,1,1,2,1,2,1,4,3,4,1,2
495,2,2,3,3,3,2,2,3,2,2,4,1,3,2,2,3,3,2,4,4,3,3,3,4,3,3,3,2,2,3,2
500,2,2,3,3,4,3,2,3,1,4,1,4,3,3,3,2,3,4,2,1,1,3,2,3,3,2,2,3,3,1,1
501,2,2,3,3,3,3,2,3,3,3,1,2,3,4,3,3,3,4,1,3,2,3,2,3,4,3,3,4,3,2,1
502,2,2,1,2,3,1,1,1,2,3,2,2,1,2,2,4,2,1,2,1,3,1,1,1,1,1,2,2,1,2,1
504,2,2,4,2,4,2,1,4,3,3,1,3,3,2,2,2,2,4,4,2,2,3,2,2,3,3,4,4,4,1,3
508,2,2,3,2,3,2,2,3,1,3,2,2,3,4,3,3,3,2,2,4,3,4,2,3,2,4,3,3,3,3,3
509,2,2,1,4,3,2,1,1,3,1,2,1,2,1,1,3,2,2,1,1,3,1,2,1,1,1,3,1,2,3,1
514,2,2,1,4,4,2,1,1,2,1,2,3,2,2,2,3,3,3,2,1,2,3,1,1,2,3,3,2,2,2,1
521,2,2,2,3,3,3,1,2,3,3,3,3,3,3,3,3,2,3,3,2,1,2,3,2,2,2,2,4,2,3,2
525,2,2,3,3,2,3,3,4,1,3,1,3,3,3,1,3,2,3,4,3,3,3,2,3,3,3,3,3,2,3,3
526,2,2,3,4,4,1,1,3,1,4,3,1,3,2,4,4,2,1,1,3,3,4,2,3,3,4,2,4,4,4,1
527,2,2,4,4,2,2,1,2,1,2,2,2,2,3,4,3,2,2,2,1,2,1,1,3,2,1,2,4,2,1,1
530,2,2,3,3,3,3,1,2,2,3,2,2,3,3,2,4,1,3,3,2,1,3,3,2,2,2,4,4,3,3,2
546,2,2,4,4,3,4,1,3,2,2,3,3,2,3,2,3,2,1,3,1,3,1,2,3,2,1,2,4,2,3,2
549,2,2,2,3,3,3,2,3,1,3,2,3,2,3,3,2,2,3,1,1,2,1,2,2,2,1,3,3,3,1,2
551,2,2,2,3,3,2,1,2,3,2,2,3,3,3,2,3,2,3,3,2,3,4,2,1,2,4,2,2,3,3,2
552,2,2,3,4,4,1,2,3,3,3,4,2,2,3,2,4,3,2,1,1,3,2,2,2,2,1,3,4,3,4,2
555,2,2,4,4,1,3,3,2,3,1,4,3,3,2,3,2,4,2,4,2,3,1,3,2,2,3,1,4,2,3,2
559,2,2,2,2,3,2,1,2,2,2,3,2,2,2,3,3,2,1,2,2,3,3,2,2,2,3,2,2,2,3,2
560,2,2,3,4,4,1,1,1,1,3,4,1,1,1,1,3,3,2,3,1,3,1,1,1,2,1,3,3,2,1,1
566,2,2,2,3,4,2,1,2,1,2,3,2,3,3,3,4,2,3,4,1,3,1,1,3,3,1,2,4,3,3,3
567,2,2,2,4,4,1,2,3,1,1,4,4,3,3,3,3,3,3,2,2,3,2,4,3,3,2,2,4,3,2,2
572,2,2,2,3,3,1,1,1,1,1,3,1,2,1,1,3,1,1,1,1,3,1,1,1,1,1,2,1,3,2,1
574,2,2,1,3,3,3,1,1,2,4,1,2,2,3,3,4,3,2,4,2,2,3,1,2,1,2,4,4,4,1,1
575,2,2,2,2,4,2,1,1,1,3,3,3,4,3,2,4,4,2,3,2,1,3,2,2,3,3,3,4,4,1,1
578,2,2,1,4,2,2,1,1,3,1,4,3,3,2,3,3,3,3,4,2,4,2,3,1,1,1,3,3,3,3,1
590,2,2,2,3,4,3,1,2,2,2,2,2,2,3,3,4,1,3,3,1,2,1,1,2,2,1,3,2,2,4,2
592,2,2,2,3,3,2,1,3,2,2,2,3,3,3,2,4,2,3,3,3,2,3,2,2,3,2,3,3,3,3,3
597,2,2,2,3,2,1,1,3,1,4,1,3,3,3,2,3,2,3,4,3,1,3,1,1,1,2,3,3,4,2,1
598,2,2,2,3,1,3,1,2,1,2,3,1,2,2,1,4,1,1,3,1,1,1,3,2,1,1,3,3,3,1,1
606,2,2,3,3,4,2,1,3,1,2,3,2,2,1,4,4,2,2,2,3,2,3,1,3,1,3,2,3,2,2,2
610,2,2,2,3,1,2,1,1,3,4,2,2,2,3,2,3,1,2,2,1,2,1,2,2,3,1,2,3,3,3,1
611,2,2,1,3,3,1,1,3,2,3,2,1,3,2,1,3,2,1,2,3,2,3,2,1,1,3,3,3,3,2,1
614,2,2,1,3,3,2,1,1,1,1,3,2,1,1,1,3,1,2,1,3,3,2,1,1,1,1,2,2,3,2,1
617,2,2,2,2,3,2,1,2,1,2,2,2,2,3,3,3,2,2,3,2,2,3,2,2,2,3,3,2,3,3,2
620,2,2,2,3,3,2,2,2,2,2,3,2,3,2,2,3,2,2,2,2,3,3,2,2,2,3,3,2,2,2,2
622,2,2,3,3,3,3,2,1,1,2,1,4,2,1,1,3,4,4,3,1,2,1,1,4,3,1,4,2,2,3,1
623,2,2,2,3,2,2,1,3,3,3,1,2,2,3,2,4,3,3,2,1,2,1,1,3,2,1,3,3,3,1,2
624,2,2,3,4,3,2,1,1,3,2,1,1,1,1,3,3,1,1,3,4,2,4,1,1,1,1,3,1,1,2,1
625,2,2,3,3,4,1,1,1,1,1,2,2,3,2,4,3,2,2,4,3,2,4,1,1,2,2,2,1,2,4,2
628,2,2,4,3,3,2,1,2,1,4,1,2,3,2,1,4,3,2,1,3,1,4,2,2,1,3,4,4,2,2,1
631,2,2,2,3,3,3,3,3,2,3,2,2,2,3,3,3,2,2,2,1,2,3,2,3,4,3,4,3,3,3,3
635,2,2,1,4,4,1,1,2,4,2,3,3,2,2,1,1,3,1,1,3,3,1,1,1,1,1,1,1,1,2,1
641,2,2,3,3,3,2,1,2,1,3,3,3,3,3,2,4,2,2,3,1,3,1,1,4,3,1,3,4,2,1,2
645,2,2,2,2,3,1,1,2,1,1,3,4,3,3,3,4,2,3,3,2,2,3,1,1,3,2,2,3,2,2,2
646,2,2,1,3,3,4,1,1,1,1,4,2,4,1,1,4,3,1,1,1,3,2,1,1,1,1,2,2,3,3,1
650,2,2,3,3,4,3,1,3,2,3,3,4,3,4,3,3,1,1,3,1,3,2,3,3,1,2,3,3,1,2,2
651,2,2,1,3,4,1,2,2,1,2,2,2,1,2,2,3,2,2,2,1,4,3,3,2,4,4,4,3,2,3,3
656,2,2,3,4,3,1,1,1,2,2,3,2,1,2,3,3,2,1,3,3,3,3,1,2,2,1,1,2,1,3,1
660,2,2,4,3,3,2,1,3,4,2,3,4,2,2,2,4,3,2,3,1,2,3,3,3,4,2,2,4,2,3,2
664,2,2,2,4,4,1,2,2,1,2,3,3,1,2,3,4,3,3,4,1,2,3,3,2,3,3,4,3,4,1,2
665,2,2,2,2,3,2,2,2,1,2,2,3,2,2,3,3,3,2,2,1,3,1,1,2,3,1,2,3,1,1,3
670,2,2,4,3,4,3,1,3,2,4,2,2,3,3,3,3,2,2,3,2,2,1,3,4,3,2,3,4,3,3,3
672,2,2,2,4,2,2,2,4,1,2,1,4,2,4,2,2,3,3,4,3,1,1,2,2,1,1,4,3,2,1,3
689,2,2,3,4,4,2,1,3,1,3,3,1,2,2,2,4,1,2,1,4,3,4,3,2,1,3,2,3,2,3,1
690,2,2,2,3,3,2,1,1,1,2,2,1,2,3,2,3,2,1,2,1,3,1,1,1,1,1,3,2,2,3,1
695,2,2,2,3,3,2,2,3,2,3,1,2,4,3,2,3,2,3,1,1,3,3,3,2,1,1,3,4,4,4,1
696,2,2,2,3,3,3,1,2,2,2,2,1,2,3,2,4,3,3,2,2,2,2,1,2,2,2,3,3,2,2,4
699,2,2,3,3,3,2,2,3,1,2,3,4,4,3,4,4,4,1,2,2,2,3,1,3,3,4,3,4,3,3,1
701,2,2,2,3,4,1,1,2,1,2,3,2,3,3,3,3,3,1,3,1,3,2,2,1,3,1,2,4,2,2,2
702,2,2,3,2,3,2,3,2,1,2,1,4,3,2,3,2,3,4,2,3,2,1,2,2,2,2,3,3,4,3,1
708,2,2,2,3,4,2,1,3,1,1,3,3,3,2,1,4,3,2,2,1,4,1,2,2,4,1,3,3,2,3,1
713,2,2,3,3,3,2,2,3,3,2,1,4,2,2,3,3,3,2,3,2,2,3,3,2,2,2,3,3,3,2,3
716,2,2,3,2,3,3,1,3,4,2,2,1,3,4,2,3,1,3,2,1,1,1,1,2,3,1,4,4,4,3,2
718,2,2,4,2,4,1,1,2,1,2,4,3,2,4,2,4,4,1,2,1,4,2,2,3,1,1,1,3,3,3,2
720,2,2,2,2,2,2,1,2,1,2,2,3,3,4,1,3,2,2,2,1,2,1,2,1,4,1,3,3,3,3,1
724,2,2,1,4,3,1,1,1,1,1,3,1,3,2,2,4,2,1,3,1,3,1,1,1,1,1,2,3,1,3,2
726,2,2,3,4,4,4,4,4,4,4,1,4,4,4,4,4,4,4,4,4,1,4,4,4,4,4,4,1,4,1,4
729,2,2,3,3,4,2,1,2,1,2,3,2,3,3,3,4,3,2,4,2,2,3,2,2,3,3,3,3,3,2,3
731,2,2,3,3,2,1,1,2,2,1,3,2,2,3,3,4,2,3,1,1,4,4,1,1,1,1,3,2,1,4,2
735,2,2,2,3,3,2,1,2,1,3,3,1,2,3,3,3,3,2,2,1,3,1,2,2,2,1,3,2,2,2,2
737,2,2,1,3,2,1,1,2,1,2,2,2,2,2,3,2,2,2,3,2,2,3,2,2,3,3,3,2,2,1,4
739,2,2,3,3,2,2,1,1,2,3,2,3,2,1,3,3,2,3,2,1,3,3,1,1,1,3,3,2,3,1,1
742,2,2,2,4,4,1,1,1,1,2,2,2,3,1,2,3,3,2,3,4,3,3,3,2,2,3,2,2,2,3,1
743,2,2,3,3,4,2,1,1,1,3,1,2,3,4,3,4,2,3,1,1,2,2,1,2,3,1,3,1,3,3,1
744,2,2,3,3,2,2,2,1,2,3,3,3,2,2,3,3,2,2,4,3,2,3,2,2,2,3,2,4,3,4,2
746,2,2,3,3,4,3,1,3,2,3,2,2,3,3,4,3,2,3,2,3,2,2,2,3,1,2,4,3,3,1,2
747,2,2,3,4,3,3,1,3,1,3,2,3,3,1,2,3,3,3,2,1,2,1,3,2,3,2,3,1,2,2,1
748,2,2,4,3,4,4,1,3,3,4,1,3,2,4,4,2,4,4,4,3,1,4,3,4,3,1,3,1,3,2,4
753,2,2,2,3,3,3,1,2,2,2,2,3,3,2,2,3,2,3,4,2,2,2,2,2,3,2,3,2,3,2,2
757,2,2,3,4,2,2,1,1,2,2,2,3,1,3,3,3,4,3,2,3,1,3,1,2,3,3,2,3,3,1,1
759,2,2,3,2,2,3,1,1,1,3,2,1,2,1,1,3,2,3,1,1,3,1,1,1,1,1,3,1,3,3,1
767,2,2,3,3,2,3,3,2,3,3,2,3,2,2,3,2,3,2,3,3,3,2,3,2,2,3,3,3,3,2,3
768,2,2,2,3,2,2,1,1,2,1,2,1,2,2,1,3,2,3,2,1,3,1,2,1,1,1,2,3,2,3,1
770,2,2,3,4,4,3,1,3,1,3,2,3,4,1,1,4,4,3,4,1,2,1,1,2,2,1,3,4,3,4,4
771,2,2,2,4,4,2,2,2,1,3,3,3,2,3,4,3,3,2,1,3,2,3,1,2,3,3,2,3,3,4,1
774,2,2,4,2,3,2,1,2,2,4,4,3,4,2,3,4,3,2,1,1,1,1,3,3,3,1,3,3,3,2,1
776,2,2,3,4,4,2,1,1,1,3,3,1,1,3,3,3,2,1,3,1,1,1,1,1,1,1,3,1,2,1,1
785,2,2,4,3,2,1,1,4,1,4,2,3,4,3,2,3,3,2,1,1,2,1,2,3,3,1,3,3,4,2,2
787,2,2,1,3,4,2,2,1,1,3,2,2,2,2,3,3,3,3,3,2,2,3,1,1,1,3,3,2,2,3,2
788,2,2,3,3,4,2,1,2,2,3,2,2,3,1,2,3,4,2,4,2,2,2,1,3,2,2,4,3,2,3,2
792,2,2,2,1,4,2,1,2,2,2,3,4,4,2,2,4,4,2,4,4,4,4,2,3,4,4,3,4,1,3,4
793,2,2,2,2,3,2,1,2,1,2,3,2,2,1,3,3,2,2,3,3,2,4,1,3,2,4,2,3,1,2,2
797,2,2,3,3,2,3,1,4,2,4,1,2,3,2,2,2,3,4,3,2,2,2,3,4,3,1,4,3,4,2,1
798,2,2,3,4,4,3,1,1,1,1,2,3,2,3,1,3,3,3,4,2,2,2,3,2,3,1,3,1,2,3,1
800,2,2,1,4,2,2,1,2,1,2,3,2,2,3,3,3,1,2,2,2,3,3,1,1,3,2,2,2,2,4,1
802,2,2,2,3,3,3,1,1,4,2,1,1,2,2,1,3,1,3,3,2,3,2,1,1,2,1,3,2,2,3,1
805,2,2,2,4,4,1,1,1,1,3,2,2,2,3,3,3,3,3,2,1,4,3,1,2,3,2,3,1,2,2,1
814,2,2,2,3,3,3,1,2,2,3,1,4,2,3,3,2,3,3,2,3,1,2,2,2,2,1,3,3,4,2,2
819,2,2,1,3,3,2,1,1,1,1,3,1,1,2,3,4,2,2,3,3,2,2,1,1,1,1,2,3,2,3,3
820,2,2,2,2,3,2,1,2,1,2,2,3,3,3,3,2,3,2,3,2,2,2,3,3,2,2,2,4,3,2,1
832,2,2,3,3,4,1,2,3,1,2,2,4,2,2,3,1,4,2,3,1,1,2,2,3,2,2,3,4,3,2,2
833,2,2,3,2,4,2,1,2,1,2,2,3,3,3,3,3,3,2,2,2,2,3,2,3,3,2,3,4,3,2,2
837,2,2,3,2,3,2,1,3,2,3,3,3,2,3,3,4,3,2,2,1,2,1,2,3,2,1,3,3,3,3,1
841,2,2,3,3,3,2,1,4,1,1,3,2,4,3,3,4,3,4,4,1,2,1,2,3,1,1,4,4,2,4,1
847,2,2,2,2,3,3,1,2,1,2,2,2,1,1,2,2,2,3,3,1,3,1,2,2,1,1,3,4,3,2,3
849,2,2,2,3,2,2,1,2,2,2,2,2,2,3,2,3,2,2,2,1,3,1,1,2,3,1,3,3,2,3,2
851,2,2,3,2,4,2,1,4,2,3,3,4,3,1,2,2,2,2,3,1,3,1,1,2,1,1,3,3,3,2,2
853,2,2,2,3,4,3,1,3,1,3,3,1,3,1,2,4,2,3,3,1,3,2,3,2,2,1,3,3,3,4,1
858,2,2,2,3,4,1,1,2,1,1,4,1,2,3,2,4,2,1,3,2,2,3,1,2,2,2,3,2,3,3,3
864,2,2,3,2,3,4,4,4,2,4,1,4,4,3,3,2,3,3,2,2,1,4,3,3,3,3,3,3,4,2,1
866,2,2,1,4,3,2,1,1,1,2,2,1,2,3,2,3,1,3,3,1,3,1,1,1,3,1,2,3,1,3,2
868,2,2,1,2,4,2,1,1,1,1,2,1,1,1,1,3,3,3,1,1,2,1,1,1,2,1,3,2,2,3,1
874,2,2,2,2,3,2,2,2,2,2,1,3,3,2,3,3,3,2,4,3,3,3,2,2,2,3,3,3,3,1,3
875,2,2,3,3,3,3,1,2,1,1,3,1,4,2,2,3,1,2,1,1,2,1,1,3,1,1,3,1,2,4,1
882,2,2,2,2,2,2,1,1,1,2,1,3,2,4,2,4,3,1,1,1,3,1,2,2,3,2,2,2,1,2,1
890,2,2,1,4,4,1,3,3,4,2,2,3,1,1,4,4,1,1,1,1,2,1,1,1,1,1,3,1,3,3,3
891,2,2,3,3,3,2,1,2,1,3,3,4,3,3,4,4,1,3,1,1,4,1,1,3,1,1,1,2,2,3,4
897,2,2,1,4,3,3,1,3,1,2,3,1,3,3,2,4,3,3,1,1,2,2,1,1,1,1,3,2,2,3,1
898,2,2,3,3,3,2,1,2,2,3,1,3,3,2,2,3,3,3,3,1,3,2,2,3,1,1,2,3,4,2,1
899,2,2,4,1,3,2,1,2,1,2,1,3,2,2,1,4,4,4,2,1,2,2,1,2,3,1,3,2,1,3,2
906,2,2,2,3,3,2,1,1,1,1,2,1,1,3,1,3,1,2,2,1,2,1,1,1,3,1,3,1,3,3,1
912,2,2,2,3,3,2,1,3,1,2,1,4,4,2,4,3,2,2,4,4,2,3,1,1,2,2,4,1,3,1,3
913,2,2,1,2,3,2,1,1,1,1,2,2,2,3,2,4,2,3,2,3,4,3,1,1,2,2,2,3,2,4,2
918,2,2,2,4,3,1,2,3,3,3,3,3,4,3,2,4,3,1,3,2,4,1,2,1,3,1,2,4,2,4,1
920,2,2,1,4,2,2,1,2,2,2,2,2,3,3,3,3,1,3,1,3,3,3,1,1,3,3,3,3,3,3,1
921,2,2,1,3,3,2,1,1,1,1,2,1,3,1,4,4,2,3,3,2,3,2,1,1,1,1,2,1,1,3,1
922,2,2,3,3,2,3,1,2,1,3,2,3,3,2,3,3,2,3,3,1,2,2,1,3,2,1,3,3,2,3,3
924,2,2,2,3,3,2,3,2,1,2,2,2,3,3,2,4,3,1,2,1,3,1,1,1,3,1,3,3,1,3,1
929,2,2,2,2,3,3,2,2,2,3,3,2,3,3,2,3,3,2,2,3,3,2,2,3,3,2,3,3,2,3,3
930,2,2,3,2,4,3,1,1,2,4,2,1,3,1,2,3,1,1,4,1,2,1,1,3,1,1,4,2,4,1,1
931,2,2,2,4,1,1,1,1,2,3,3,2,2,1,1,4,3,2,4,2,4,3,3,3,2,3,1,3,4,1,1
933,2,2,1,3,4,2,1,1,3,3,4,2,2,3,3,4,3,1,3,1,4,2,1,2,3,3,4,4,2,1,3
935,2,2,3,3,2,2,1,4,1,3,4,4,4,4,4,4,4,4,3,1,2,2,3,3,1,1,2,4,4,4,3
940,2,2,1,4,3,2,1,3,1,3,2,1,3,1,2,4,3,3,2,3,3,1,2,1,2,1,2,3,3,4,1
942,2,2,2,2,3,1,2,2,1,2,2,2,3,3,2,4,2,2,3,2,3,2,2,2,3,2,3,3,1,3,2
944,2,2,3,3,2,3,2,3,4,3,3,4,3,4,2,3,3,4,2,2,4,2,2,2,4,2,2,2,1,3,1
948,2,2,1,3,3,1,1,1,1,2,3,1,2,1,1,2,1,2,1,1,2,1,1,1,2,1,1,2,3,3,1
950,2,2,3,3,3,2,1,2,1,3,3,3,3,3,2,3,3,2,1,2,2,2,2,2,3,2,3,3,2,2,1
954,2,2,3,2,3,3,1,1,3,2,1,2,1,1,1,2,2,3,2,2,2,2,1,1,2,2,3,2,1,2,1
959,2,2,3,2,4,2,1,2,2,3,2,4,4,3,1,2,2,2,1,4,3,3,2,3,4,4,3,3,2,4,1
960,2,2,1,3,2,2,1,1,1,2,2,1,1,3,1,4,2,2,1,1,2,1,1,1,3,1,2,2,4,3,2
962,2,2,3,3,3,1,1,4,2,3,2,1,2,3,2,3,4,2,1,1,1,2,2,1,3,2,4,3,4,4,2
963,2,2,3,3,4,2,1,1,1,3,3,2,2,2,3,2,3,2,2,1,3,2,2,1,3,1,3,3,2,3,2
964,2,2,2,2,3,2,1,2,1,2,2,3,2,3,1,3,3,2,2,1,2,1,2,2,3,2,3,3,2,1,2
967,2,2,3,3,3,1,1,2,2,2,3,2,2,2,1,3,2,2,1,1,3,1,1,3,1,2,3,2,3,3,1
969,2,2,3,3,3,2,1,3,2,2,3,3,3,3,3,4,2,2,2,2,1,2,2,3,2,3,3,3,3,3,3
970,2,2,3,3,3,1,1,1,2,1,2,1,1,3,1,4,2,3,1,1,3,1,1,2,2,1,1,2,1,2,1
971,2,2,4,1,3,3,1,3,2,4,1,2,2,2,2,2,2,3,2,1,1,2,2,2,3,1,4,2,4,1,1
974,2,2,3,3,3,2,1,2,1,3,2,2,2,1,3,3,3,3,3,1,2,1,2,2,1,1,3,2,2,3,2
976,2,2,1,3,3,1,1,2,1,3,1,2,1,3,3,4,3,3,4,2,2,1,1,1,3,1,3,1,2,3,4
977,2,2,2,3,3,1,1,2,1,2,2,1,3,3,3,4,2,3,2,1,2,3,1,1,1,1,3,3,2,2,1
982,2,2,3,3,3,3,1,2,1,3,2,3,4,3,3,4,3,3,4,4,3,3,3,3,3,3,3,3,3,2,3
986,2,2,3,3,3,2,2,2,2,2,3,2,4,2,3,4,3,3,3,2,3,3,3,3,3,2,2,3,2,3,3
990,2,2,3,2,3,3,1,2,2,3,3,3,3,2,3,3,2,3,3,1,2,1,3,2,3,2,3,2,3,1,2
993,2,2,3,3,2,3,1,3,1,3,2,3,4,1,1,4,4,3,1,1,2,1,1,4,1,1,2,3,3,2,2
997,2,2,2,3,3,2,1,2,3,2,2,1,3,3,1,3,2,1,2,1,2,1,1,1,2,4,4,3,2,3,1
998,2,2,4,2,2,3,3,2,3,3,3,2,3,3,3,3,2,3,1,3,2,3,3,2,2,3,2,2,3,3,3
10,2,3,3,4,3,2,1,3,2,3,2,3,4,2,3,2,2,3,4,1,2,3,2,2,1,3,2,4,4,3,3
14,,3,3,4,3,3,1,3,2,3,2,1,3,3,3,2,2,2,3,1,1,1,3,3,2,1,4,2,4,1,2
21,,3,2,3,1,2,1,3,1,3,1,3,2,1,1,3,2,4,2,1,3,1,1,2,1,1,4,1,4,2,1
34,,3,3,3,4,4,4,3,1,4,1,3,4,4,3,3,2,3,3,2,1,4,4,3,4,4,4,3,2,1,1
37,,3,3,2,2,2,1,2,2,3,2,1,4,2,3,3,3,3,4,2,2,2,4,4,2,1,3,2,3,3,2
44,,3,1,3,2,3,1,1,1,2,1,2,2,3,1,3,2,2,1,1,2,1,1,2,2,1,3,2,3,3,1
47,,3,3,4,3,2,1,1,2,1,2,1,2,1,1,3,1,2,4,1,2,1,2,1,1,1,3,3,4,2,2
50,,3,3,3,2,3,1,3,2,3,1,1,3,2,2,3,2,3,2,1,1,1,2,2,1,1,4,1,3,2,2
60,,3,4,2,4,1,1,2,1,1,3,1,2,3,3,4,4,4,2,2,3,2,1,3,2,1,2,3,4,2,3
66,,3,4,4,4,3,2,3,3,3,4,4,4,3,3,3,4,2,1,1,2,1,2,3,3,1,4,4,4,2,3
74,,3,4,3,3,2,1,4,3,2,2,2,3,3,3,3,2,2,3,1,2,1,2,3,3,1,3,2,3,3,1
94,,3,3,4,3,3,1,2,1,2,3,4,1,1,2,2,3,3,2,3,3,2,3,1,3,2,2,2,3,3,2
109,,3,2,3,3,2,1,2,1,3,3,2,2,3,2,3,2,2,2,2,3,2,1,3,3,2,2,3,2,3,2
115,,3,4,2,4,1,1,4,1,4,2,2,4,1,1,4,3,1,1,1,1,3,1,4,1,1,2,1,1,4,1
117,,3,2,1,4,2,1,3,3,3,2,3,2,3,3,3,2,3,3,1,3,3,2,2,4,4,3,3,3,1,1
126,,3,3,4,2,2,1,2,3,4,2,3,3,3,3,2,4,4,3,1,2,4,3,2,2,3,3,2,4,2,3
134,,3,2,3,3,3,2,3,2,3,3,2,2,3,3,3,4,3,2,3,3,3,2,2,3,3,3,2,4,4,2
178,,3,2,3,3,2,1,3,1,3,3,1,2,3,1,3,3,2,3,1,3,1,1,2,2,1,2,1,3,3,2
185,,3,3,2,4,1,1,2,2,3,2,4,3,3,2,3,1,3,4,2,2,2,2,3,2,2,2,3,3,3,2
196,,3,3,3,4,2,1,4,2,2,4,3,3,3,1,2,3,1,3,1,3,2,4,4,2,1,3,4,4,3,1
242,,3,3,2,3,2,2,3,1,3,1,3,2,2,2,3,3,3,1,1,1,2,2,3,2,2,2,3,3,3,2
245,,3,4,4,4,2,1,3,2,3,2,2,4,3,3,4,3,3,4,3,2,4,3,3,3,3,3,4,1,1,1
256,,3,1,2,2,2,1,3,1,2,1,4,2,3,1,3,2,4,1,1,2,1,1,2,3,1,3,4,4,3,1
266,,3,2,2,2,3,2,2,2,3,2,3,2,3,3,2,3,3,3,2,3,2,3,2,3,2,3,3,3,2,3
272,,3,3,3,2,3,2,3,1,4,2,3,2,3,2,1,2,3,2,2,2,1,2,2,3,2,4,3,3,2,3
287,,3,4,3,4,2,1,4,4,2,1,3,3,2,4,3,4,3,4,2,2,3,3,3,2,2,3,4,3,2,3
292,,3,3,3,4,2,3,3,2,3,1,3,4,4,4,4,3,3,4,4,2,4,3,3,3,4,2,4,3,4,2
294,,3,3,2,1,2,1,3,1,3,2,2,2,2,1,3,2,2,2,4,3,2,2,2,2,1,2,3,2,2,1
295,,3,4,3,4,1,4,1,1,2,4,3,3,1,4,4,4,2,2,4,3,3,2,4,4,4,2,3,1,2,1
299,,3,3,2,3,3,2,3,1,3,3,4,4,2,3,3,3,3,3,3,2,3,2,3,3,3,3,3,3,4,3
344,,3,2,4,4,3,1,1,1,2,3,2,4,3,3,3,2,2,4,2,3,1,1,1,1,1,3,2,1,3,2
350,,3,2,3,3,1,1,4,1,2,2,3,3,2,2,4,3,3,1,2,3,2,1,3,2,3,3,4,3,2,2
351,,3,2,4,4,3,1,3,3,2,2,3,3,3,4,3,4,3,4,3,2,4,2,1,1,4,4,3,3,3,1
357,,3,3,3,3,2,1,3,2,1,2,3,2,2,2,3,2,1,2,1,3,3,2,2,1,2,2,2,2,1,1
367,,3,3,1,4,3,1,2,1,3,3,4,4,3,2,3,4,3,4,1,2,4,1,1,4,3,4,3,3,2,1
378,,3,1,3,3,1,1,1,1,1,4,1,1,3,3,4,3,2,1,1,4,1,1,1,1,1,1,1,1,1,1
388,,3,4,2,4,1,1,2,1,2,4,1,3,2,4,4,4,1,2,4,4,4,1,4,1,4,3,4,4,4,1
392,,3,2,3,3,2,3,3,2,1,2,3,2,4,2,3,2,1,3,2,3,2,2,3,3,2,4,2,1,3,3
410,,3,3,4,1,2,1,2,3,2,1,2,2,3,3,4,3,3,3,3,2,2,1,2,1,1,3,2,3,3,3
412,,3,1,2,2,3,2,3,2,2,3,3,3,2,3,2,3,2,2,2,2,2,2,3,2,3,2,3,2,3,2
420,,3,2,1,1,2,1,4,1,3,3,3,2,2,2,3,3,2,1,1,4,1,2,2,2,1,3,1,1,1,2
422,,3,4,4,4,3,1,2,3,4,1,2,4,4,4,4,2,3,3,2,2,3,3,4,4,3,4,4,4,1,1
432,,3,2,2,3,3,1,1,1,3,3,2,2,3,2,3,2,2,4,2,2,3,3,1,4,2,3,2,3,1,2
441,,3,4,2,4,3,1,4,1,4,4,2,4,3,2,3,2,2,1,1,1,4,4,4,3,3,4,4,3,1,2
457,,3,2,1,3,1,3,3,1,3,3,1,4,1,4,1,4,2,2,2,3,2,3,1,3,1,4,2,3,2,3
465,,3,3,2,3,2,3,2,1,1,2,4,4,1,2,3,2,3,2,4,2,2,3,2,1,2,3,1,4,3,2
471,,3,3,2,3,4,1,3,2,3,4,3,3,1,3,4,3,4,3,3,1,4,3,2,3,4,4,4,4,3,1
476,,3,2,3,2,1,1,4,3,1,4,1,3,3,3,4,2,2,4,1,4,1,2,2,2,1,1,4,2,4,1
479,,3,2,2,2,2,1,3,3,2,2,4,2,3,3,4,3,3,3,2,2,3,2,3,2,2,4,3,2,2,1
487,,3,2,2,2,4,1,3,1,2,3,3,2,4,3,4,3,3,1,1,3,1,1,1,3,1,3,3,3,3,1
490,,3,3,3,4,2,1,2,4,2,4,1,3,1,1,3,3,3,1,1,3,1,2,1,1,1,4,3,4,4,1
492,,3,3,3,4,3,1,2,3,4,2,2,3,3,2,3,2,2,3,1,2,1,2,3,2,1,4,3,3,1,1
496,,3,3,3,3,2,3,3,3,2,3,3,2,1,4,3,3,2,3,2,3,3,3,4,3,3,3,3,3,2,3
505,,3,3,4,3,1,1,3,1,2,3,3,3,2,2,4,3,2,2,1,3,3,3,2,3,3,2,2,2,4,3
506,,3,4,2,4,1,2,3,1,3,3,3,3,3,3,3,4,3,2,4,3,3,2,3,3,3,2,4,2,3,1
511,,3,3,2,2,3,1,4,2,3,1,3,4,1,3,4,1,4,2,2,1,1,4,4,3,1,4,4,4,2,1
515,,3,2,4,4,1,1,1,1,3,3,2,3,1,4,4,3,1,3,3,3,3,1,1,1,3,4,2,3,1,1
520,,3,3,3,3,2,1,3,1,3,3,3,3,3,3,3,2,2,3,2,2,2,1,3,1,2,3,3,4,3,3
531,,3,3,2,3,3,2,3,2,3,2,3,3,2,4,2,2,3,1,2,1,3,4,3,1,1,4,4,2,1,1
532,,3,2,2,3,2,2,2,2,2,2,2,3,3,3,3,2,2,2,2,3,2,2,3,3,3,3,3,3,2,2
534,,3,4,1,2,3,3,4,1,3,1,3,3,3,3,4,4,3,4,4,3,4,4,4,2,4,3,4,2,3,3
547,,3,2,4,4,3,2,3,3,2,2,2,4,1,3,4,1,4,3,3,2,2,1,1,1,2,4,1,3,1,3
550,,3,1,3,4,3,1,1,2,3,2,2,2,3,3,3,4,3,4,1,1,2,1,1,3,1,4,3,3,1,2
576,,3,3,2,2,3,1,1,1,3,2,2,2,2,1,3,3,1,1,1,2,1,1,2,1,1,3,3,3,2,1
581,,3,3,3,2,1,1,3,3,1,3,3,3,1,1,4,3,2,1,2,3,3,3,3,3,3,1,3,2,4,3
583,,3,3,2,3,3,1,3,2,3,2,2,3,3,2,2,3,4,2,3,1,2,2,3,3,3,3,4,4,3,2
588,,3,2,4,4,2,1,2,2,3,1,4,4,3,3,1,1,4,3,2,1,2,1,1,3,2,4,3,4,1,3
603,,3,4,1,3,3,1,1,1,4,3,2,2,4,1,4,2,4,1,1,3,1,4,3,4,1,4,2,1,4,2
608,,3,2,2,1,3,2,3,3,4,1,3,2,3,4,3,2,3,4,1,3,2,3,2,1,1,3,4,4,4,2
609,,3,4,4,4,2,1,3,1,3,2,2,2,1,3,4,4,2,3,3,2,3,2,3,1,3,3,4,3,2,2
636,,3,3,4,3,3,1,2,3,2,2,2,3,3,2,3,1,3,2,2,1,3,1,2,1,3,3,2,3,2,1
649,,3,3,2,1,3,1,2,1,4,1,3,3,2,2,4,4,4,4,1,3,2,1,2,1,1,4,4,4,3,1
652,,3,1,3,4,3,1,2,1,4,2,1,2,2,1,1,2,4,3,1,1,4,1,1,2,4,3,1,2,3,1
658,,3,3,2,4,2,1,2,1,3,2,1,3,3,2,4,2,2,1,1,3,1,2,4,3,1,3,4,2,3,1
662,,3,4,3,2,3,1,3,1,4,1,1,4,3,4,4,1,1,4,1,2,2,1,4,3,1,4,3,3,4,2
668,,3,4,3,3,1,1,3,1,1,2,2,1,3,2,3,3,1,1,3,3,2,2,2,2,2,2,4,2,3,2
673,,3,3,2,4,2,1,3,3,2,1,4,3,2,3,3,4,4,4,3,1,4,1,2,3,4,4,2,4,1,1
681,,3,3,1,2,1,1,2,1,3,2,2,2,2,2,3,4,4,3,1,3,2,1,3,2,1,2,2,3,2,1
691,,3,3,2,3,2,1,2,4,3,1,3,2,3,3,3,3,3,3,2,2,2,2,2,1,3,3,3,3,3,1
693,,3,3,2,3,2,2,3,2,2,2,3,3,3,3,3,3,3,3,3,2,3,2,3,3,3,3,3,2,2,3
707,,3,1,2,2,1,1,1,1,3,3,2,3,4,1,1,3,1,1,1,3,2,3,3,4,2,1,4,4,1,1
709,,3,2,2,3,3,1,4,1,3,4,2,3,3,1,3,2,2,4,3,2,2,1,4,4,2,3,4,3,3,2
710,,3,4,4,3,1,1,3,3,4,4,2,3,3,3,2,3,1,2,3,2,4,4,3,2,3,3,1,2,2,1
714,,3,1,4,3,2,1,1,4,2,2,1,2,1,1,4,1,1,1,1,3,1,3,1,1,1,3,1,1,2,1
715,,3,3,3,3,3,2,3,1,3,1,1,3,3,2,3,3,3,2,1,2,1,3,2,3,1,3,3,2,3,1
721,,3,3,3,3,2,1,3,2,2,1,4,3,2,3,3,4,4,4,3,1,3,1,3,2,3,2,3,4,1,3
725,,3,4,4,4,2,1,3,1,3,3,4,4,2,4,3,2,2,4,3,3,3,4,3,1,3,4,4,2,4,4
733,,3,4,4,4,2,1,4,1,1,3,2,4,3,4,4,3,4,2,1,4,3,1,4,1,2,3,4,2,3,2
761,,3,3,3,4,1,1,3,2,3,2,3,3,3,2,3,3,1,2,3,2,4,2,3,1,4,2,4,2,4,2
775,,3,4,4,3,2,1,3,1,3,3,2,3,3,3,3,2,1,4,3,4,4,2,3,3,4,4,3,2,3,3
777,,3,3,2,3,3,1,3,1,3,2,3,3,3,3,3,3,4,3,3,3,2,3,2,3,1,4,3,3,2,3
789,,3,3,4,4,3,1,3,2,3,2,4,3,4,2,4,4,3,3,3,2,3,3,3,4,3,4,4,4,1,1
803,,3,1,3,2,2,1,1,3,3,2,2,2,3,1,3,3,3,4,2,2,1,2,2,2,1,3,2,2,1,2
804,,3,2,2,4,2,1,2,1,4,2,2,2,2,2,4,3,2,3,2,1,2,1,1,2,2,3,2,1,2,1
810,,3,4,2,1,4,1,1,1,3,1,2,3,4,2,3,2,3,2,1,2,2,2,2,2,2,2,2,2,3,2
818,,3,4,2,4,3,2,1,1,3,3,4,4,4,1,4,3,2,3,3,3,3,2,4,3,3,3,3,3,1,2
822,,3,2,3,2,2,1,2,4,2,3,3,2,2,1,3,1,2,2,1,3,1,2,2,1,1,3,2,2,1,1
827,,3,3,2,4,1,1,1,4,1,3,1,4,1,4,4,4,2,2,2,2,3,1,1,1,3,4,3,1,4,1
830,,3,4,3,2,3,1,1,2,4,1,1,3,1,1,3,3,3,2,2,2,3,1,1,1,1,2,1,4,2,1
848,,3,2,3,3,3,1,1,2,3,1,2,3,3,3,3,3,3,1,3,3,3,1,1,2,3,3,2,1,3,2
867,,3,3,3,3,3,1,3,1,3,2,1,3,2,3,3,1,4,3,1,2,2,1,2,3,1,2,2,2,1,2
870,,3,3,4,3,2,1,1,1,4,2,3,3,3,2,4,3,3,2,3,3,3,2,3,2,3,2,1,1,2,1
873,,3,3,3,3,2,1,2,2,3,2,2,3,3,3,4,1,3,3,1,1,2,1,2,2,1,3,3,2,2,2
877,,3,2,3,3,3,2,2,2,3,2,3,3,3,3,2,2,2,2,2,2,3,2,2,2,3,3,2,2,3,2
878,,3,2,2,3,2,1,2,2,3,1,3,3,3,3,4,3,4,1,3,3,4,2,1,2,2,4,4,4,2,1
893,,3,4,3,3,3,2,2,1,2,4,4,3,2,2,3,3,1,4,1,1,1,2,3,2,1,3,3,1,4,3
896,,3,3,2,4,2,1,1,3,1,3,3,3,3,3,4,3,2,2,2,3,3,1,1,1,1,2,3,3,4,3
909,,3,1,3,2,2,1,3,1,3,4,3,2,3,1,4,3,1,1,1,2,1,1,2,3,1,2,2,4,2,1
914,,3,3,2,4,2,1,2,1,3,1,3,3,4,2,1,3,3,1,1,1,1,2,2,4,1,4,3,3,1,1
926,,3,4,3,1,4,3,4,2,3,1,4,4,3,4,2,4,3,4,3,1,4,4,3,3,3,4,2,3,1,3
985,,3,2,3,3,2,1,2,1,2,4,2,3,2,3,4,3,3,2,1,3,1,1,2,3,1,2,3,2,3,2
989,,3,3,3,3,3,3,3,2,3,2,2,3,2,3,2,3,2,3,3,2,4,1,3,1,4,4,3,3,3,3
31,,4,4,3,2,3,1,1,1,4,2,1,1,3,1,3,1,2,4,1,2,1,1,3,4,1,4,3,3,3,1
102,,4,3,2,4,2,2,2,3,4,2,2,3,2,3,3,4,4,3,2,2,2,2,3,2,2,4,3,3,3,2
149,,4,4,3,4,2,1,3,1,2,2,1,4,2,4,3,3,2,3,3,2,1,2,1,2,1,2,3,2,3,1
168,,4,2,3,3,2,1,1,4,1,3,2,1,4,2,3,1,2,1,1,3,1,3,3,3,1,1,1,2,3,1
198,,4,1,3,1,2,2,4,4,3,2,2,3,1,4,2,1,1,2,1,3,3,1,1,2,2,4,3,4,3,1
280,,4,3,4,3,3,1,1,4,4,1,3,2,2,3,4,4,4,4,1,3,3,1,3,1,1,3,4,2,2,3
316,,4,3,4,4,2,1,1,2,2,3,3,2,4,4,4,1,1,2,1,2,3,1,1,3,1,2,2,1,4,1
323,,4,4,4,3,4,1,1,4,4,1,4,4,1,4,4,4,4,4,1,1,3,3,4,3,3,4,4,4,2,2
324,,4,4,3,3,4,1,3,2,3,1,1,3,2,3,3,3,4,3,2,1,2,2,4,2,1,4,4,4,2,2
334,,4,2,3,3,4,1,1,1,3,1,3,2,3,3,1,1,3,3,3,1,3,1,1,1,3,4,2,4,1,1
437,,4,4,4,4,4,1,4,3,4,1,2,4,1,4,2,1,4,4,1,1,1,4,4,1,1,4,4,4,3,2
605,,4,4,4,4,3,2,4,1,3,1,4,4,1,1,2,4,4,1,4,1,4,2,3,1,3,4,3,4,1,4
615,,4,4,1,1,3,1,2,1,2,3,2,3,2,1,3,3,2,3,2,3,2,3,2,3,2,3,2,2,2,2
618,,4,1,3,4,1,1,1,1,1,3,2,1,1,1,4,1,1,3,1,4,1,1,1,1,1,1,2,1,2,1
667,,4,1,4,4,3,1,2,3,2,3,4,4,3,3,4,3,2,3,2,3,1,2,2,3,1,4,2,3,1,3
697,,4,1,3,4,2,1,1,1,2,3,2,2,3,4,2,4,4,4,2,3,4,1,1,4,1,4,1,2,2,2
706,,4,3,3,3,3,1,2,1,3,1,1,3,4,4,3,2,3,2,2,1,2,1,3,3,2,3,4,3,3,2
722,,4,4,4,3,4,1,1,4,3,1,1,3,4,3,1,1,4,4,1,4,1,3,3,1,1,1,4,4,4,3
755,,4,4,3,3,2,1,4,1,3,1,1,2,1,2,4,2,3,4,2,1,1,1,1,1,1,4,3,2,1,2
769,,4,3,3,4,3,1,1,4,2,3,2,3,2,3,3,3,2,4,3,2,4,1,4,1,4,4,2,3,2,1
780,,4,4,3,3,3,1,3,2,3,1,3,1,3,2,4,2,4,2,1,2,2,1,3,3,1,3,4,3,3,3
782,,4,3,4,3,1,1,3,3,4,1,1,3,3,4,3,2,3,1,3,2,3,3,2,1,2,2,3,3,1,1
840,,4,3,4,4,3,4,2,2,3,1,4,4,4,1,4,4,1,4,4,3,4,1,4,3,4,4,4,1,4,4
957,,4,4,4,4,4,1,4,2,4,1,3,4,3,4,4,3,3,2,2,1,1,2,4,3,1,1,4,3,2,1
980,,4,4,3,4,2,1,1,1,2,3,2,1,1,1,3,2,1,1,2,4,1,1,1,1,2,3,1,1,2,1
